Date,Azahriah,Pogány Induló,Elefánt,Moriones,Beton.Hofi,Co Lee,Balkan VIP,Carson Coma,Krúbi,FRANKO,Analog Balaton,szolnoki,Wxlfless,Blaize,Hundred Sins,Indigo,Beatrick,Solére,Ekhoe,Wavy,Ótvar Pestis,Kolibri,DESH,Vad Fruttik,Csaknekedkislány,Manuel,Mehringer,Quimby,Kispál és a Borz,Péterffy Bori & Love Band,Parno Graszt,ANUBII$,laurie.,Dom Beats,ajsa luna,Kain,SilkSilver,Lil Frakk,Grasa,DOÓR,Brenka,Filo,Kollár Dea,Bruno X Spacc,VALMAR,KKevin,Young Fly,Sisi,toldyuuso,T.Danny,BSW,30Y,Esti Kornél,Lázár tesók,Dzsúdló,Aurevoir.,Bohemian Betyárs,Duckshell,6363,Lusta Geri,Miller Dávid,Bëlga,Biorobot,Hiperkarma,Kiscsillag,Blahalousiana,Margaret Island,boebeck,Galaxisok,Heaven Street Seven,Kaukázus,Kistehén,kristoaf,ByeAlex és a Slepp,Дeva,Tóth Andi,veryraredome,Kolg8eight,Csoky,Mihályfi Luca,AWS,Jaber,Zakeus,gyuris,Lovas Juci és a Frász,Iceboyz,STAiR,Loophia,4ma,Temesi Blanka,Mengyelejev,cserihanna,Máklikőr,tejszínhab.,Glencz,Tingyela Dóri,AK26,Follow the Flow,Halott Pénz,Wellhello,DÁNIELFY,Majka,4s Street,Fiúk,Horváth Tamás,Paulina,egy5egy,ZÓRA,G.w.M,VZS,Kollár-Klemencz László,Csernovszky Márk,Tankcsapda,Honeybeast,Lóci Játszik,NLP,bongor,Mikee Mykanic,Pandóra Projekt,Szlimmy,Saya Noé,sosehol,TEMBO,Janet Gruber,ARCIDRA,FINI.,sikkboy kiddie,Nemazalány,Nico,cibi
2024-07-30,700135,356819,114427,203364,317426,102876,,,,,,,,,,,,,,,,,,,,,,,,,,,,,,,,,,,,,,,,,,,,,,,,,,,,,,,,,,,,,,,,,,,,,,,,,,,,,,,,,,,,,,,,,,,,,,,,,,,,,,,,,,,,,,,,,,,,,,,,,,,,
2024-07-31,701760,356545,114657,202680,316753,102538,,,,,,,,,,,,,,,,,,,,,,,,,,,,,,,,,,,,,,,,,,,,,,,,,,,,,,,,,,,,,,,,,,,,,,,,,,,,,,,,,,,,,,,,,,,,,,,,,,,,,,,,,,,,,,,,,,,,,,,,,,,,
2024-10-08,703337,347213,121661,283255,318426,125226,16882,185336,172157,41205,66037,27548,10871,76899,,,,,,,,,,,,,,,,,,,,,,,,,,,,,,,,,,,,,,,,,,,,,,,,,,,,,,,,,,,,,,,,,,,,,,,,,,,,,,,,,,,,,,,,,,,,,,,,,,,,,,,,,,,,,,,,,,,,
2024-10-09,703134,347435,120989,282964,319658,126483,16765,183931,172145,41294,66311,27184,10857,78420,,,,,,,,,,,,,,,,,,,,,,,,,,,,,,,,,,,,,,,,,,,,,,,,,,,,,,,,,,,,,,,,,,,,,,,,,,,,,,,,,,,,,,,,,,,,,,,,,,,,,,,,,,,,,,,,,,,,
2024-10-11,703216,347547,120146,282529,320165,128495,16384,181916,171793,41641,65802,26419,10605,81201,240402,,,,,,,,,,,,,,,,,,,,,,,,,,,,,,,,,,,,,,,,,,,,,,,,,,,,,,,,,,,,,,,,,,,,,,,,,,,,,,,,,,,,,,,,,,,,,,,,,,,,,,,,,,,,,,,,,,,
2024-10-12,702537,346882,119588,282464,320188,129214,16481,181451,172054,41943,65504,25900,10463,82588,240610,,,,,,,,,,,,,,,,,,,,,,,,,,,,,,,,,,,,,,,,,,,,,,,,,,,,,,,,,,,,,,,,,,,,,,,,,,,,,,,,,,,,,,,,,,,,,,,,,,,,,,,,,,,,,,,,,,,
2024-10-13,703060,346284,119152,282816,320288,128765,16507,180418,172205,42056,65327,25644,10352,82436,241179,,,,,,,,,,,,,,,,,,,,,,,,,,,,,,,,,,,,,,,,,,,,,,,,,,,,,,,,,,,,,,,,,,,,,,,,,,,,,,,,,,,,,,,,,,,,,,,,,,,,,,,,,,,,,,,,,,,
2024-10-14,703207,346236,118411,283605,320545,128506,16422,179345,172307,42070,64987,25941,10233,82526,241744,35682,126613,27266,198012,40780,96220,56566,658026,33290,57849,345359,101745,98717,88130,73651,137840,253688,11054,40326,117720,77231,44599,134249,62916,86472,32835,142430,18890,309570,333059,404853,568920,83409,87912,368362,280589,91800,27853,22034,315522,32169,72150,17469,44725,8963,54225,84968,40427,94704,24382,58453,65067,992,24847,34288,35088,24642,45488,263677,37824,,,,,,,,,,,,,,,,,,,,,,,,,,,,,,,,,,,,,,,,,,,,,,,,,,,,,,,
2024-10-15,703304,345080,117866,284381,321131,127676,16384,178539,172329,42082,64676,26638,10150,81929,242722,35712,126986,28151,197850,40768,96198,56410,658006,33303,57710,345221,101896,98816,88045,74147,137438,253289,11131,40375,118158,77251,44346,134633,63902,86602,34273,142325,18962,309521,333312,404901,569665,83577,88226,369621,280172,90999,27788,21846,315843,32115,71868,17397,44606,8782,54360,84812,39925,94237,24566,58690,65028,979,24651,34424,34785,24708,45554,263303,37711,,,,,,,,,,,,,,,,,,,,,,,,,,,,,,,,,,,,,,,,,,,,,,,,,,,,,,,
2024-10-16,703643,344641,117765,285688,321598,126720,16289,177911,172403,42088,64450,26809,10058,81295,243580,35723,127007,28938,197644,40589,96020,56074,658248,33304,57881,345860,102167,98983,87884,74085,137257,253005,11216,40446,118404,77235,44248,134599,64587,86821,35268,142260,19018,309460,333476,404753,570798,83513,88264,371147,280221,90861,27728,21628,316464,32112,71966,17426,44351,8490,54369,84661,39541,93675,24755,58973,64950,947,24567,34424,34557,24711,45637,263205,38249,94963,6747,68134,100844,128811,53747,131479,61951,77585,1235,1931,23393,1243,20415,1191,5120,29271,5181,71,137,874,50435,245113,281234,191702,77898,206605,146316,11032,247641,46228,10967,19723,62407,199089,27350,2234,187295,81611,81611,10913,22192,48035,,,,,,,,,,,,
2024-10-17,703250,344000,117618,286663,321554,125806,16200,177392,172705,42110,64527,26970,9973,80751,243622,35802,126984,29619,197369,40361,95742,55664,658236,33195,57868,346222,102518,98870,87740,74189,136561,252331,11309,40438,118371,77282,44125,134600,65169,86948,36111,142000,19113,309153,333488,404681,571288,83936,88542,372270,279752,90592,27690,21475,316526,31817,71755,17379,44192,8216,54274,84494,39153,93304,24924,59201,64915,893,24423,34440,34433,24757,45685,263052,38316,95019,6870,68113,100812,129223,53810,131939,64528,77818,1239,1866,23643,1238,20392,1202,5090,29091,5197,74,134,867,50268,244774,281122,191872,77566,206636,146034,11044,248293,46223,10954,19844,62484,200419,26809,2463,186953,81774,81774,10954,22257,48088,,,,,,,,,,,,
2024-10-18,703239,344073,117157,286699,321350,124754,15948,176549,172886,41909,66454,27122,9855,80093,243850,35873,127044,30145,197123,40044,95459,54867,658718,33096,57590,346049,102356,98752,87701,73845,136619,252331,11372,40489,118277,77485,44086,134568,65531,86778,36960,141435,19088,309361,333167,404670,572054,83984,88619,373477,279282,90525,27665,21342,317030,31628,71654,17275,44263,7962,54317,84412,38785,92654,24995,59208,64936,876,24125,34326,34296,24759,45362,262730,38521,95351,7011,68301,101010,129459,53838,131928,66973,78016,1234,1813,23762,1235,20187,1270,5038,28989,5177,74,129,867,50399,244584,280948,191809,77612,206822,146023,11023,248554,46275,10932,19883,62629,201348,26718,2641,186232,82081,82081,11044,22190,48264,,,,,,,,,,,,
2024-10-19,702295,344020,116590,286553,320930,123524,15932,175829,173366,41568,68067,27299,9763,79481,243863,35942,126822,30827,196665,39741,95332,53976,657941,33040,57321,345541,101838,98896,87595,73478,137015,252262,11369,40509,118085,77752,43670,134251,65995,86383,37685,141062,19031,309198,332572,404572,572436,84031,88879,374344,278669,90431,27576,21317,317466,31335,71458,17202,44394,7729,54287,84489,38679,91753,25051,59163,65083,847,23858,34395,34267,24894,44977,262423,38621,95504,7072,68467,101239,129498,53812,131684,68796,78021,1246,1745,24032,1234,19997,1286,5033,28638,5151,81,122,866,50632,244186,280713,191133,77692,207073,145403,11001,248374,46362,10893,19951,62541,202027,26687,2827,185776,82315,82315,11167,22248,48471,,,,,,,,,,,,
2024-10-20,701523,344205,115634,286423,320093,122519,15866,174622,176582,41322,71781,27391,9524,79460,243431,35913,126343,31075,196298,39071,94957,53151,657504,32898,57206,345287,101432,98911,87538,73336,136995,252289,11332,40489,117704,77261,43316,133755,67676,85901,38049,141085,18973,309137,332961,404906,573090,84073,88202,375877,278453,90063,27459,21289,317982,30826,71158,17116,50023,7765,53929,84450,38267,90823,24930,59261,65078,825,23553,34403,33916,24913,44695,261739,38561,95670,6995,68768,101570,128359,53816,130747,70864,78301,1243,1723,24186,1133,19860,1126,5003,28175,5132,81,134,856,50678,243584,280228,190574,78092,206697,144594,10966,247792,46361,10747,19945,62172,202943,26511,2933,184953,82806,82806,11271,22444,48720,,,,,,,,,,,,
2024-10-21,699431,343418,114717,285391,319871,121678,15724,172344,179068,41067,74571,27942,9314,80676,243925,36960,126405,31460,195813,38174,94642,52040,656724,32529,56986,343840,100769,98933,87514,72952,136299,251411,11415,40743,117543,76393,42904,132071,70842,85395,38917,139501,18949,309156,330653,405225,573320,84028,88286,377342,276624,89596,27466,21338,319058,29860,69954,17071,54109,7883,53778,83327,37947,89483,25061,59172,64799,818,23143,34663,33486,24823,44247,259801,38352,94078,6939,68984,101372,127007,53901,129085,73698,78467,1234,1695,24425,1043,19469,1033,4960,27885,5058,86,139,878,49669,242020,279199,189092,77896,205416,141204,10972,245160,46103,10632,19697,62019,205059,26246,3191,184778,82929,82929,11330,22744,48729,,,,,,,,,,,,
2024-10-22,699431,343418,114717,285391,319871,121678,15724,172344,179068,41067,74571,27942,9314,80676,243925,36960,126405,31460,195813,38174,94642,52040,656724,32529,56986,343840,100769,98933,87514,72952,136299,251411,11415,40743,117543,76393,42904,132071,70842,85395,38917,139501,18949,309156,330653,405225,573320,84028,88286,377342,276624,89596,27466,21338,319058,29860,69954,17071,54109,7883,53778,83327,37947,89483,25061,59172,64799,818,23143,34663,33486,24823,44247,259801,38352,94078,6939,68984,101372,127007,53901,129085,73698,78467,1234,1695,24425,1043,19469,1033,4960,27885,5058,86,139,878,49669,242020,279199,189092,77896,205416,141204,10972,245160,46103,10632,19697,62019,205059,26246,3191,184778,82929,82929,11330,22744,48729,,,,,,,,,,,,
2024-10-24,699978,343710,113319,285713,320796,121104,15594,171119,181897,40656,77141,28076,9144,83001,245496,39095,126353,31748,195021,37814,94646,51476,658155,32423,56517,343777,100206,99235,87437,72281,136326,251309,11626,40796,117379,75917,42502,132151,72844,85001,39359,138725,18683,311446,331579,405609,576094,84104,88123,380381,277820,88398,27347,21293,320455,29419,69583,17142,57625,8295,53618,83421,37137,88430,25028,58650,64698,806,22648,34787,33110,24971,44034,259265,38410,93135,6908,69330,101214,125824,53980,128954,76236,78402,1228,1683,24510,957,19116,919,4953,27721,5010,86,147,852,49725,242230,279687,189195,79071,205624,140587,11017,245004,46238,10606,19920,61551,214075,26134,3380,183567,83323,83323,11466,23059,49043,,,,,,,,,,,,
2024-10-25,700744,344038,113302,286599,320836,120497,15587,170620,182578,40542,77874,28118,8995,83556,245219,39847,126117,31787,194497,37684,94678,51291,659256,32353,56511,344453,99983,99496,87579,72707,136712,251294,11609,40654,117229,75519,42225,132078,73278,84699,39893,138882,18590,312651,332208,406245,577729,84095,87870,382264,278520,87788,27260,21331,321097,29265,69637,17180,58592,8372,53337,83542,37108,88229,25022,58688,64706,804,22561,34955,33101,25109,43748,259411,38285,92674,6854,69348,101314,125521,54001,128569,77551,78330,1234,1676,24546,942,19026,890,4952,27487,4988,85,147,836,49466,242435,280332,189332,80019,205907,141420,10979,245665,46460,10575,19966,61322,218066,26043,3486,183559,83650,83650,11469,23251,48944,,,,,,,,,,,,
2024-10-26,699701,344089,113417,286052,320258,120121,15614,169863,183023,40461,78536,28008,8865,83789,244871,40484,125812,31823,193863,37569,94629,51063,658712,32193,56392,343675,99666,99303,87462,72876,136778,251087,11647,40558,116853,75099,42095,131677,73673,84536,40261,138720,18458,313358,331252,405716,578077,84078,87625,383001,278379,87157,27168,21260,321077,29097,69353,17147,59654,8376,53175,83331,37185,88195,25140,58556,64549,804,22432,34920,32900,25217,43497,258810,38091,92224,6781,69344,101320,124969,53880,127966,78669,78145,1226,1650,24479,926,18956,856,4913,27185,4948,86,147,817,49256,241750,279374,188709,80878,205563,141349,10999,246317,46583,10544,19992,60968,221392,25887,3598,182588,84022,84022,11491,23461,48773,,,,,,,,,,,,
2024-10-27,699131,343475,113616,285831,319899,119293,15452,169190,183412,40368,79175,27962,8708,83991,245130,41114,125449,31902,192734,37495,94646,51062,658749,32052,56300,343105,99347,99024,87127,74394,137052,250491,11773,40605,116645,74748,41861,131369,74237,84268,40512,138403,18121,314371,330813,405216,578362,84192,87399,384516,278019,86472,27112,21214,321142,29374,69392,17279,60375,8327,53042,83099,37198,88021,25298,58521,64485,787,22242,34953,32744,25429,43224,258386,37837,91806,6731,69366,101219,124534,53839,127260,80154,78032,1213,1637,24276,917,18893,795,4934,26916,4957,91,145,819,48903,241136,278862,188186,83247,205413,142127,10983,247188,47557,10572,19971,60772,225920,25739,3807,181458,85036,85036,11582,24200,48655,,,,,,,,,,,,
2024-10-28,698241,342927,113692,285916,319254,118721,15304,168749,183918,40294,79498,28240,8591,84047,245149,41542,125402,32057,191717,37528,94599,51084,658653,32003,56203,343062,99242,98956,86844,75307,137318,250018,11895,40615,116702,74528,41580,131503,74472,84197,40985,138299,17916,314947,330456,405088,579065,84352,87365,385649,277838,85910,27065,21182,321205,29454,69314,17283,61028,8262,52988,82810,37145,87943,25246,58496,64620,792,22096,35048,32650,25579,43081,257677,37774,91500,6682,69472,101422,124455,53813,126607,81475,77901,1202,1633,24205,907,18889,780,4966,26557,4950,90,145,826,48690,240841,278509,188279,84477,205544,143166,11003,248026,48135,10659,20017,60621,229868,25545,3915,180646,85858,85858,11636,24543,48528,,,,,,,,,,,,
2024-10-29,698262,342800,113772,286789,319311,118352,15187,168506,184629,40237,79740,28579,8450,84207,245206,41870,125604,32235,191210,37470,94563,51044,658877,31867,56206,343303,99333,99074,86749,76173,137469,250034,12025,40602,116941,74421,41413,131660,74875,84166,41528,138317,17688,315810,330934,405602,580045,84566,87218,387834,278350,85422,27043,21197,321634,29501,69433,17333,61626,8179,52917,82842,37161,88074,25220,58561,64678,788,21994,35065,32496,25735,42988,257335,37655,91381,6675,69642,101645,124748,53529,126278,82190,77813,1207,1627,24191,901,19011,768,4954,26431,4938,92,147,834,48595,240616,278126,188616,85548,205762,143810,10984,248953,48644,10707,20106,60571,233420,25406,4012,180025,86607,86607,11701,24898,48497,,,,,,,,,,,,
2024-10-30,698729,343698,113613,288257,320057,118117,15027,168044,185375,40194,80000,28975,8245,84765,245982,42627,125903,32412,191276,37452,94521,51121,660058,31831,56159,343653,99526,99288,86575,77464,137830,250627,12019,40715,117333,74448,41215,132152,75704,84064,41931,138481,17575,317261,331614,406426,581312,84774,87121,390118,279060,85169,26928,21317,322402,29763,69499,17369,62176,8092,53109,82970,37281,87984,25212,58783,64808,804,21940,35086,32458,25880,43121,256981,37526,91583,6723,69869,102150,125327,53501,125809,82533,77931,1301,1606,24099,909,18956,977,4924,26271,4958,93,147,827,48675,240750,278587,189122,86810,206387,144587,10942,249772,49346,10674,20287,60712,238282,25311,4106,179610,87108,87108,11837,25513,48493,,,,,,,,,,,,
2024-11-01,702107,346176,113577,291157,320808,116785,14671,167510,187097,40159,80571,28974,8036,85421,247272,43821,125519,32607,192000,37433,94638,50908,663752,31933,56178,345755,99102,99522,86582,79974,139740,251975,12146,40540,117368,74874,40526,132436,77091,83633,42400,139102,17401,321156,334795,409441,585091,84879,86905,394339,280689,84190,26923,20977,324607,29882,69723,17108,63326,7904,53071,83133,36973,87336,25271,58566,64945,846,21783,35608,32415,26039,43012,257290,37596,91961,6700,70568,103223,126189,53594,125674,83468,78224,1356,1555,23744,910,18709,1171,4794,25786,4846,92,149,826,48861,241759,280287,190744,89897,208232,145862,10905,250346,50897,10406,20225,61078,247405,25398,4345,179742,88828,88828,11900,26499,48932,,,,,,,,,,,,
2024-11-02,704727,348378,113622,292491,321475,115760,14380,167743,188323,40126,80728,28689,7950,85336,247854,44246,125287,32589,193304,37447,94809,50738,665709,32006,56324,346643,98836,99915,87053,81234,141911,253385,12122,40419,117368,75247,39972,132632,77831,83242,42375,139429,17318,323665,336912,411100,587493,84914,87003,397112,281884,83809,26843,20731,325993,29945,69920,16929,63953,7851,53039,83442,36698,86898,25374,58584,64986,837,21734,35977,32392,26026,42850,257921,37529,92351,6684,71118,103884,126277,53740,125054,84017,78453,1404,1550,23476,910,18574,1213,4757,25146,4827,92,149,830,49242,242398,282085,191513,91551,209292,146424,10905,249860,51516,10195,20225,61430,251972,25567,4426,180645,89721,89721,11970,26916,49293,,,,,,,,,,,,
2024-11-03,704989,349705,113198,292224,320919,114329,14012,167362,188611,38856,80686,28587,7532,85269,247777,44411,124678,32552,193407,36885,94695,50624,666327,31925,56242,346188,98148,99708,87128,81767,142933,252958,12063,39882,116914,75290,39354,132315,78291,83017,42506,139394,17188,324546,337658,410691,587492,84467,86954,397235,282509,83309,26766,20331,325770,29838,69883,16592,64210,7757,52784,83284,36320,86301,25413,58485,64764,825,21560,36139,32341,25710,42511,257649,37246,92086,6755,71135,103787,125504,53480,123473,83631,78238,1448,1294,23259,903,18439,1379,4711,24513,4731,90,151,836,49183,242117,282234,191015,92675,209281,146092,10822,247509,51783,10131,20173,61296,254433,25688,4550,181296,89918,89918,12196,26968,49217,,,,,,,,,,,,
2024-11-04,704400,350462,112978,291813,320624,113314,13772,166928,188488,38208,80516,28653,7267,85262,247514,44713,124341,32451,193287,36636,94610,50443,665458,31821,56156,345077,97682,99763,86813,82269,143671,252505,12002,39481,116582,75356,38897,131785,78559,82630,42679,139246,17195,324972,336776,409953,587113,84112,86915,396803,283239,82851,26713,19913,325527,29798,69764,16305,64557,7721,52551,82921,35873,85860,25423,58280,64476,820,21392,36337,32164,25444,42161,256647,36929,91683,6746,71435,103835,124592,53258,121942,84037,78127,1488,1156,23122,893,18317,1486,4664,24124,4653,91,152,833,49119,241470,281876,190411,93501,208828,145530,10806,244872,51898,9943,20064,61012,256628,25666,4643,181881,89967,89967,12325,27184,49311,,,,,,,,,,,,
2024-11-05,703377,352104,113059,291724,320231,112266,13589,166512,188681,37698,80518,28898,7046,85094,247095,44898,123773,32562,193324,36878,94464,50318,664630,31743,55995,344524,97243,99785,86859,82811,144717,252769,11922,39217,116156,75294,38526,131504,78676,82265,43116,139466,17115,325748,336363,409398,586163,83820,86882,395550,283758,82329,26683,19507,325144,29836,69635,16089,64828,7687,52303,82558,35565,85384,25500,58057,64244,812,21294,36493,32050,25133,41792,256271,36727,91428,6802,71615,103639,124049,53109,120903,85177,77978,1495,1061,22981,879,18191,1579,4624,23807,4617,86,149,817,49190,240940,281359,189622,94925,208832,145439,10799,242669,52001,9882,20024,61016,258386,25693,4712,182229,90018,90018,12511,27266,49305,,,,,,,,,,,,
2024-11-06,702520,353555,112949,291741,319618,111216,13552,165804,188981,37497,80582,28913,6857,84596,245857,44989,123014,32563,192996,37927,94435,50037,663774,31718,55793,343645,97217,99597,86660,83666,146068,253374,11892,39065,115499,75447,38215,131034,78931,82101,43005,139150,17154,326018,336242,408673,585376,83505,86946,394883,284016,81896,26653,19422,324131,29852,69700,15871,65176,7721,52186,82433,35321,84891,25640,57695,63474,801,21205,36623,31931,24856,41541,255760,36749,91639,6872,72232,104097,123169,52961,119897,85250,77899,1548,982,22962,888,18196,1747,4654,23371,4565,86,145,775,49251,240437,281118,188963,97402,208571,145415,10779,241065,52066,9873,20092,60740,260526,25935,4804,182326,90180,90180,13441,27682,49440,,,,,,,,,,,,
2024-11-07,702422,354559,112878,291264,318825,109696,13575,165370,189188,37166,80696,28862,6829,83698,245210,44965,122526,32561,193044,38083,94105,49730,662833,31710,55773,343029,97054,99110,86649,84143,147380,253600,11895,38972,115031,76040,37845,130512,79183,82052,42934,138911,17172,325426,335825,407313,584812,83276,87145,393953,284396,81395,26544,19198,322902,29864,69659,15765,65463,7734,52027,82364,34980,84474,25737,57305,63101,796,21090,36763,31887,24753,41382,254882,37032,91848,6892,72786,104842,122321,52690,118603,85567,77904,1614,907,22871,907,18204,1943,4644,23026,4500,86,139,739,49285,239808,280829,188014,99536,207871,145423,10803,239271,52203,9830,20128,60642,261352,26031,4888,182300,90263,90263,13689,27897,49566,,,,,,,,,,,,
2024-11-09,700785,357912,112294,289960,317692,108419,13560,164349,188573,36690,80888,28818,6779,82793,243838,44920,121763,32610,192324,38185,94380,49263,660780,31801,55320,341422,96887,98468,86210,84847,149719,254222,12158,38925,114242,76359,37153,129151,79540,82622,42872,137661,17083,324925,334937,404470,582361,82937,87285,392152,284632,80331,26389,19185,320379,29739,69216,15749,65799,7607,51835,81931,34541,83699,25972,56210,62496,799,20958,37037,31839,24817,41033,252821,37306,91329,6920,73577,105649,120439,52312,116450,84294,77574,1679,721,22830,956,18100,2253,4630,23288,4499,91,147,724,49310,238549,280061,186340,103988,207648,144945,10746,238640,52533,9922,20159,60271,264381,26008,4600,182253,90611,90611,14106,28909,49526,,,,,,,,,,,,
2024-11-12,700258,362290,111973,286838,316038,107240,13516,162745,188434,36397,81353,28567,6657,82029,241605,44512,120664,30060,190567,38625,93663,48557,658041,31735,55035,338704,96641,98299,85944,85650,153983,254508,12240,38709,112967,75946,36614,127388,79077,82276,40964,136885,16837,325310,332613,401353,579340,82713,85903,388954,285236,79171,26342,19155,315918,29604,69403,15996,66768,7388,51200,81505,34094,82600,25199,55242,62226,807,20693,37110,31798,24879,40414,250465,37845,91367,6644,73682,105106,118758,51915,116230,84706,76610,1795,1198,22138,1028,18086,2703,4628,27112,4510,90,158,721,49812,236200,278621,184422,110543,207289,143454,10626,237295,52655,10069,20150,61290,270423,25526,3704,182549,91192,91192,13728,30750,49427,,,,,,,,,,,,
2024-11-14,699442,364488,111468,284199,314884,106457,13572,161661,188005,36135,81479,28602,6785,81542,240166,44304,119772,28877,189736,38786,93572,48136,656557,31832,54630,336604,96171,97805,85987,86151,155373,254401,12300,38410,112151,75518,36028,126099,79168,82031,40148,136143,16970,325434,331614,399276,578184,82224,85527,386983,285843,77948,26449,19257,312736,29670,69126,16189,67358,7153,50941,81219,33970,82544,24727,54540,61955,795,20567,37419,31853,25081,40151,248774,37851,90833,6512,73576,105338,118266,51823,116116,84806,76027,1861,1409,21846,1059,18016,2928,4629,29471,4496,85,164,721,50198,235015,277640,183319,113286,207828,142958,10585,236725,52852,10145,20114,61679,273235,25345,3278,182073,91583,91583,13520,31578,49602,,,,,,,,,,,,
2024-11-15,698860,365576,110922,282856,314188,105930,13544,161102,187782,35973,80598,28604,6788,81081,239163,44069,118694,28260,189168,38848,93339,47892,655627,31904,54611,335645,95911,97549,85760,86196,156147,254263,12296,38207,111156,75312,35661,125456,79159,81856,39492,136072,17066,325461,330950,398174,577547,81829,85351,385944,286105,77129,26443,19204,310934,29684,68962,16263,67404,7083,50695,81078,33951,82488,24557,54205,61668,774,20624,37451,31855,25074,39972,247720,37744,90798,6355,73488,105237,117900,51795,115803,84757,75589,1878,1511,21621,1060,17879,2979,4590,30246,4517,85,166,716,50180,234430,276960,182661,114583,207663,142654,10575,236764,52986,10180,20041,61773,274689,25234,3116,181273,91620,91620,13434,31877,49706,,,,,,,,,,,,
2024-11-16,698125,366606,110661,282005,313252,105564,13437,160491,187225,35836,79256,28534,6729,80873,238349,43852,118017,27574,189030,38847,93178,47848,654755,31831,54373,334653,95725,97213,85521,86222,156714,253861,12318,38099,110441,75167,35556,124736,79441,81556,38780,135986,17089,324839,330457,396908,576323,81511,84698,384962,286075,76396,26487,19107,309262,29738,69129,16374,67533,6949,50469,81029,33728,82582,24419,53965,61324,776,20554,37379,31667,24901,39830,246705,37697,90600,6220,73576,105063,117642,51659,115714,84797,75297,1877,1637,21258,1068,17922,3065,4545,31164,4544,78,183,717,50162,233452,276020,181991,115534,207629,142681,10549,236823,52994,10206,19972,61901,276042,25067,2942,180440,91615,91615,13397,32140,49794,,,,,,,,,,,,
2024-11-17,696896,367525,110541,280810,312711,105116,13298,159728,185205,35583,75815,28566,6734,80253,237834,43620,117453,27308,188432,39111,93250,47730,653448,31757,54216,333337,95301,96821,85234,85907,157266,253848,12358,37901,109883,74765,35438,124164,78840,81272,38366,135416,17202,324085,329019,395296,575438,82800,85844,383346,286153,75485,26460,18896,308160,29813,69034,16475,64566,6790,50336,80793,33555,82449,24455,53350,61013,780,20536,37176,31595,24883,39593,245437,37639,90021,6167,73239,104748,117291,51647,114855,84469,74858,1880,1708,21000,1077,17815,3229,4535,31619,4570,77,179,714,50251,232979,275286,181197,116417,208130,142528,10805,236807,53007,10263,19962,61836,277407,25131,2846,180252,91345,91345,13292,32254,49687,,,,,,,,,,,,
2024-11-18,695630,368165,110435,279277,311663,104791,13184,158850,183928,35376,74023,28521,6731,79739,237029,43591,116695,27055,187422,39655,93388,47757,651864,31692,54141,331795,95012,96260,84750,86013,157863,253473,12357,37662,109236,74456,35400,123873,78270,80941,37952,134928,17237,323153,328244,393364,573097,83411,86526,382020,286074,74534,26422,18620,306416,29824,68760,16471,63068,6697,49895,80438,33466,82079,24328,53130,60891,785,20544,37125,31500,24899,39407,244205,37651,89841,6144,73126,104631,117080,51671,114122,84513,74486,1892,1752,20781,1085,17785,3297,4477,32053,4599,75,180,713,50007,232271,274315,180246,117329,208152,142328,10905,236884,53062,10307,19903,61770,278425,25262,2742,179481,91034,91034,13261,32304,49642,,,,,,,,,,,,
2024-11-19,693843,368546,110263,278198,310585,104465,13129,158288,182798,35288,72908,28432,6707,79142,235881,43159,116145,26859,186861,39840,93350,47755,649848,31664,54111,330918,94874,95919,84631,85759,158315,253240,12387,37601,108737,74333,35287,123554,77073,80697,37576,134532,17206,322350,328194,391548,571154,83997,87436,380512,285932,74231,26339,18459,304668,29823,68560,16523,61825,6579,49678,80177,33310,81844,24248,53123,60684,773,20521,37009,31516,24808,39133,243126,37533,90029,6124,73125,104966,117135,51567,113385,84933,74360,1904,1792,20625,1083,17724,3375,4446,32475,4617,74,180,703,49974,231170,273637,179572,117847,208076,142106,11004,236820,52992,10378,19854,61750,279233,25156,2655,178815,90690,90690,13172,32405,49623,,,,,,,,,,,,
2024-11-20,692901,369290,110198,277817,309533,103905,13096,157748,181704,35137,71324,28354,6695,78167,234509,42407,115598,26666,186344,39794,93124,47770,648671,31795,54097,330859,94745,95878,84471,86062,158882,253077,12393,37478,108272,74166,35115,123290,76009,80515,37175,134426,17255,321305,327138,390548,569938,84662,88183,379335,285719,73903,26247,18406,303273,29885,68555,16543,60454,6279,49446,80166,33191,81744,24184,53022,60490,768,20486,36849,31410,24699,38969,242167,37814,90072,6086,73090,105214,117205,51524,112570,85317,74154,1925,1828,20590,1069,17639,3462,4400,32961,4649,71,183,692,49912,230362,272949,179036,118848,208405,141918,11092,236845,53052,10425,19765,61661,279502,25056,2583,178360,90686,90686,13140,32481,49495,,,,,,,,,,,,
2024-11-21,688409,370368,109719,274382,306762,103394,12869,156313,179840,34915,68887,28070,6705,75826,232099,40224,114696,26204,185766,39898,92417,47583,644295,31699,53826,328218,94088,95131,83828,86504,159465,252047,12328,37372,107512,73845,35003,122926,74661,80113,35987,133160,17429,317849,324317,386582,565414,86074,90022,375187,284120,73313,26206,18059,299566,29946,68111,16396,58733,5864,49081,79374,33005,81345,23999,52930,59825,752,20333,36645,31401,24689,38442,239955,38069,90299,6116,72914,105099,116787,51523,111377,85690,73735,1968,1904,20441,1080,17475,3625,4335,33779,4643,72,178,693,49885,227893,270581,177872,119315,207695,140977,11245,236199,52880,10412,19566,61462,278153,25241,2409,176555,90583,90583,13078,32771,49317,,,,,,,,,,,,
2024-11-22,688409,370368,109719,274382,306762,103394,12869,156313,179840,34915,68887,28070,6705,75826,232099,40224,114696,26204,185766,39898,92417,47583,644295,31699,53826,328218,94088,95131,83828,86504,159465,252047,12328,37372,107512,73845,35003,122926,74661,80113,35987,133160,17429,317849,324317,386582,565414,86074,90022,375187,284120,73313,26206,18059,299566,29946,68111,16396,58733,5864,49081,79374,33005,81345,23999,52930,59825,752,20333,36645,31401,24689,38442,239955,38069,90299,6116,72914,105099,116787,51523,111377,85690,73735,1968,1904,20441,1080,17475,3625,4335,33779,4643,72,178,693,49885,227893,270581,177872,119315,207695,140977,11245,236199,52880,10412,19566,61462,278153,25241,2409,176555,90583,90583,13078,32771,49317,,,,,,,,,,,,
2024-11-23,687381,371127,109354,273400,306162,103275,12757,156242,179259,34719,68163,27962,6701,75245,231908,39453,114591,26064,185665,39912,92153,47648,643109,31697,53879,327485,94157,95151,83765,87224,159920,251608,12379,37424,107314,73658,35147,122617,74064,79967,35395,132624,17507,316556,323471,385251,564251,86809,90928,373737,283796,73324,26125,18056,298150,29970,68128,16523,58017,5707,48929,79169,32846,81147,23832,53038,59593,745,20236,36598,31426,24738,38281,239090,38183,90205,6107,73007,105018,116644,51474,111018,85967,73690,1967,1947,20310,1087,17482,3687,4325,34212,4641,72,181,690,49851,227570,271180,177705,119544,207730,140645,11317,235892,52854,10493,19544,61348,277828,25168,2307,176665,90684,90684,13059,32922,49300,,,,,,,,,,,,
2024-11-24,684997,372337,108648,271307,304885,104009,12529,155555,178512,34503,67451,27883,6672,74692,231068,38805,113996,25818,187064,39969,91744,49117,640888,31650,53709,326218,93809,94946,83696,87021,159864,251001,12352,37323,106542,73992,35090,122038,73128,80145,35016,132131,17698,314234,321394,383122,561613,87348,91743,371399,282898,72954,25996,17938,296072,29721,67840,16612,57840,5641,48739,78880,32512,81197,23590,52956,59189,736,20222,36593,31366,24648,38197,237864,38184,89939,6067,72819,104811,116403,51337,110401,86320,73376,1999,2009,20217,1090,17382,3772,4292,34569,4648,66,186,696,49857,226543,272268,177954,118470,207047,139784,11355,234940,52184,10553,19473,61293,276672,24995,2129,176436,90135,90135,12934,32803,49214,,,,,,,,,,,,
2024-11-25,683812,373568,108129,269850,303806,104058,12337,154724,177487,34376,66989,27748,6656,74225,230221,38383,113212,25562,187800,40065,91323,49460,638986,31525,53516,324732,93366,94768,83603,86866,160074,250776,12313,37242,105677,74151,35106,121583,72665,80082,34676,131272,17790,312600,320279,381345,559795,87593,92309,369128,282338,72840,25968,17903,293918,29466,67524,16518,57378,5602,48457,78469,32259,81051,23450,52928,58721,734,20218,36505,31214,24584,37955,236565,38224,89769,6022,72693,104871,116243,51280,109523,86379,73221,1994,2049,20156,1108,17247,3827,4234,34830,4627,64,186,699,49891,225658,272625,177769,118278,206627,139121,11333,234120,51788,10525,19344,61151,275703,24864,2016,176689,89563,89563,12870,32766,49109,,,,,,,,,,,,
2024-11-29,675217,374554,106737,259236,299115,104712,11875,151647,174274,34050,65519,27159,6644,72465,227364,36372,111251,24732,189000,40189,90473,51188,628437,31268,53014,318665,91720,92799,83297,84917,159769,247618,12053,36940,103200,74751,35055,119937,70138,80333,33340,128377,18203,304906,311395,371544,550744,89031,94027,358962,278856,71938,25949,17726,283990,28528,66494,16593,55575,5481,47538,77010,31680,80382,23143,52502,57540,655,20019,36221,30836,24468,36901,232092,38516,89000,5907,72483,103744,113595,50918,107072,86900,72371,1898,2180,20014,1127,16670,3749,4247,35875,4582,58,171,675,49711,222349,271885,175698,116621,204093,135037,11456,230378,49623,10613,18739,60504,268517,24558,1596,174723,87255,87255,12626,32391,49497,,,,,,,,,,,,
2024-11-30,671177,373921,106104,256072,297747,104924,11758,150496,172745,33975,65199,27563,6659,72979,226467,36648,110987,24773,188186,40209,89944,51636,624842,31205,52871,316499,91459,92054,82875,83981,158942,246400,12123,36926,102799,74510,34935,119533,69681,80529,33121,127635,18308,301706,308053,368539,546897,89346,94490,355870,277535,71965,25898,17763,280194,28380,66099,16682,55123,5507,47314,76222,31510,80383,23085,52520,57303,652,19986,36050,30725,24537,36856,230261,38515,88738,5866,72169,103371,113196,50736,106943,87134,72161,1861,2212,20186,1160,16856,3812,4237,36164,4646,58,167,685,49443,220490,270191,175110,116023,203418,134678,11477,229637,49265,10643,18593,60302,265401,24381,1510,173415,86823,86823,12581,32200,49584,,,,,,,,,,,,
2024-12-01,669163,374070,106046,254090,297358,106820,12326,150205,172206,33718,65267,29787,6685,73318,226246,36681,111364,24934,188097,39802,89629,54312,623652,31230,52795,315773,91707,91862,84413,83474,158959,246566,12266,37108,102861,74393,35283,120772,69322,80651,32700,127178,18779,300317,306562,367790,545641,89747,95208,356183,276547,72118,25974,17926,278441,28698,66194,16820,54918,5630,47346,75866,31317,80395,23022,52718,57107,654,19957,35940,30728,24629,36829,229652,40287,88956,5771,72203,104481,112789,50957,115394,87374,72329,1818,2271,20190,1197,16870,3732,4290,36990,4688,59,162,681,49568,219662,269724,174909,116091,202685,134749,11624,229397,49105,10609,18463,61637,263697,24240,1393,172725,88049,88049,12314,32459,49907,,,,,,,,,,,,
2024-12-07,665161,374946,106381,241745,304097,110381,13960,149977,170941,32741,64413,32823,6604,75241,228187,37105,112457,24826,187876,36962,88462,58717,622918,31224,52981,312031,92317,92706,86922,81686,156657,252389,12231,37889,109693,73178,36328,122477,68493,80699,29891,125315,20335,294993,301698,364095,542777,92420,98618,355884,272146,71887,26023,18318,273892,29000,66198,17507,54324,7154,47788,75569,31688,80326,23095,54780,56518,623,20118,35461,30660,24580,36395,228663,44443,90129,5577,70434,105294,112266,52587,139551,84291,72197,1602,2371,19889,1187,16386,3075,4201,38184,4778,69,156,721,49562,218979,268234,174129,113894,202528,135650,11882,228775,48689,10225,17924,68422,258256,24211,940,170860,90776,90776,10313,32211,51323,,,,,,,,,,,,
2024-12-09,662757,375071,106439,237876,309481,111502,14115,150907,170714,32541,64345,32930,6530,76545,227986,36857,112479,24893,190715,35602,87606,59647,622118,31201,52927,310335,92448,91780,87156,80082,156061,258205,12169,38012,114488,73083,36614,121808,68242,81373,31612,124543,20887,292199,298990,363258,541463,93245,100173,355492,270538,71432,25980,18692,272257,28974,66886,17642,54814,7303,47894,75095,31982,80875,23222,55767,55801,605,20099,35310,30562,24381,36363,228823,45014,89886,5577,70135,105258,112188,52858,144021,81284,72365,1535,2045,19852,1158,16221,2820,5227,36561,4752,73,150,723,49363,219141,268314,173025,112097,202330,135375,12134,228763,48396,10223,17801,69890,256150,24077,883,170135,90278,90278,10112,32176,52945,,,,,,,,,,,,
2024-12-13,658054,375126,106354,233322,314400,112989,14357,151190,170523,31973,64228,32697,6336,78505,228477,37500,112457,24912,197929,34810,87851,61324,620688,30919,52858,309642,93013,91142,87995,78612,155734,264096,12180,38394,118983,73353,36995,122405,67675,84951,32919,124346,21288,289004,297166,362987,539532,94390,103090,354757,274696,71076,25841,18848,270266,28814,67553,17760,54648,7513,48220,74826,31928,80414,23700,57717,55305,592,20173,35038,30306,23906,36073,230766,45563,89870,5431,70257,105709,112607,52898,149094,77206,73151,1413,1688,19910,1189,15934,2955,5616,33056,4751,75,187,741,49096,219359,269949,172467,109799,202610,134527,12322,228881,47926,9808,17410,74339,253263,24186,851,172195,89694,89694,10063,31847,54286,,,,,,,,,,,,
2024-12-14,656990,375326,106277,231702,316640,113187,14494,151128,170409,31958,64468,32569,6312,78905,228793,37657,112806,24902,199252,34650,87838,61684,620747,30958,52881,309005,93254,91149,88416,78382,155725,266850,12264,38415,121216,73273,37146,122443,67245,85381,33442,124084,21417,288306,296864,363036,539362,94643,104072,354637,277946,71081,25779,18811,269793,28759,67815,17661,54526,7530,48455,74851,31854,80334,23808,58020,55270,584,20195,35079,30316,23872,36057,231112,45853,90024,5416,70426,106047,112779,52920,149847,76500,73322,1401,1529,20114,1185,15834,2885,5666,32330,4769,75,521,749,49352,218969,270476,172280,109384,202899,134309,12360,229145,47793,9720,17328,75101,252841,24194,843,173053,89583,89583,9976,31942,54580,,,,,,,,,,,,
2024-12-16,655734,375118,106045,229845,318690,113851,14741,151294,169730,32109,64498,32670,6241,79372,228637,37728,112893,24884,200397,34647,89203,62240,621423,30967,53839,308307,94547,91613,88387,78169,155700,269091,12247,38547,123039,73616,37698,122370,66975,87034,33423,125220,21563,287103,296440,362336,538439,93984,103807,354136,280362,71106,25724,18793,268499,28720,68043,17655,54458,7556,48464,74814,31748,80077,23846,58556,55162,572,20159,35154,30838,24000,36103,231292,46077,90522,5439,70693,106263,112708,52986,151477,75901,73440,1380,1447,20219,1178,15908,2756,5716,31931,4782,72,723,749,49297,218557,270080,172301,108514,202290,133817,12261,229904,47535,9640,17216,76178,252147,24016,829,173248,89565,89565,9960,34250,54837,,,,,,,,,,,,
2024-12-18,652821,376168,105435,225071,323220,114598,15155,150988,169117,32036,64474,32751,6150,80528,228516,38508,113124,24940,202256,34369,90084,62675,620789,30840,55146,305458,96319,92835,88966,77157,155263,274218,12593,39159,126669,73599,38576,122269,66173,89248,35204,126055,22164,285255,293989,361383,536549,92758,103463,353015,286627,70662,25516,18586,266132,28462,68595,17675,54225,7566,48265,74485,31318,80022,24852,60428,54853,550,20346,34730,30790,23994,35920,232852,46359,90573,5406,70601,106078,112401,53002,155236,73893,73831,1325,1292,21267,1225,16058,2551,5906,30918,4770,72,730,771,49337,218027,269586,171130,106108,202458,133412,12064,231546,47608,9441,17226,78824,252116,23996,833,174570,89217,89217,9813,35971,55764,,,,,,,,,,,,
2024-12-19,651896,376226,105353,223741,324200,114925,15271,150986,168563,31964,64372,32860,6106,80862,228355,38680,113290,24863,202634,34357,90453,62986,621144,30850,55691,304742,96607,92838,89236,76618,155261,275127,12746,39463,127392,73591,38853,122013,66038,89856,35562,126551,22319,284811,293034,360918,536132,92109,103339,352595,288686,70739,25515,18661,265706,28349,68600,17718,54144,7588,48247,74416,31291,80031,25181,60980,54874,542,20345,34788,30773,23999,35972,233382,46448,90463,5380,70620,105934,112111,52887,156647,73243,73914,1312,1236,21508,1221,16150,2476,5957,30501,4807,74,738,787,49274,218409,269782,171133,105288,202073,132804,12027,231611,47345,9457,17254,79586,252018,23881,822,175240,89214,89214,9723,36393,56069,,,,,,,,,,,,
2024-12-21,650320,375992,105509,220696,326989,115579,15521,151443,168190,31945,64579,33242,6049,81659,229199,39190,113775,24903,203709,34367,91051,63581,620902,31487,56455,303087,97306,93252,90046,75024,155632,277588,12873,39894,129490,73760,39112,122003,65921,91452,37427,126908,22564,284144,292779,360686,535077,91008,102835,352042,293049,70770,25492,18798,264127,28179,68994,17784,54076,7633,48423,74698,31161,80270,25900,62016,54831,519,20893,34926,30765,23848,36202,234282,46484,90251,5508,70632,106001,112510,52752,157848,71602,74169,1266,1128,22395,1214,16128,2307,6076,29966,4845,71,744,791,49441,218518,270328,170746,104194,202451,133011,11839,232062,47062,9251,17389,81145,251443,23934,800,176022,88618,88618,9510,37007,56666,,,,,,,,,,,,
2024-12-22,650332,376042,105478,218826,328293,115315,15701,151769,168551,31953,64643,33615,6017,82051,229269,39557,114039,24927,203425,34227,91140,63348,621851,31656,57492,302131,97514,94707,90492,74134,156459,279133,12797,39952,130421,73545,39126,122217,65928,91896,40114,127118,22694,285010,293209,360717,535960,90516,102829,352353,295287,72258,25549,18920,263500,28054,69834,17718,53777,7630,48336,75010,31159,80416,26532,64076,54697,517,21011,34978,30933,23754,36324,236789,46726,90425,5519,70760,106311,112582,52670,159187,70602,75812,1237,1055,23578,1244,16126,2233,6197,29539,4836,72,743,801,49529,219311,269763,170313,103764,202890,132695,11816,232782,47215,9037,17368,82125,251738,24019,795,177077,88774,88774,9406,36969,57000,,,,,,,,,,,,
2024-12-23,649986,375924,105588,217253,329519,115371,15932,152112,168804,31919,64803,33846,6004,82710,229457,39979,114343,24964,203384,34220,91194,63500,621378,31740,58238,301690,97654,95744,90881,73400,157203,280826,12800,40057,131419,73541,39266,122586,65997,92355,43526,127862,22777,285037,293851,361325,535190,90213,102781,352564,296859,72971,25557,18895,263173,28105,70460,17777,53660,7623,48384,75618,31372,80540,27673,65977,54865,513,21099,35130,31219,23779,36499,238314,46843,91175,5555,70787,106404,112794,52608,160321,70085,76801,1232,997,25074,1230,16168,2174,6251,29281,4875,69,744,806,49565,219290,269429,170224,103517,203089,132198,11799,232816,47240,8927,17375,83043,252027,24064,789,177119,88960,88960,9226,37029,57250,,,,,,,,,,,,
2024-12-24,649500,375872,105596,215791,331110,115511,15999,152708,169038,31977,64796,34050,5946,83408,229656,40471,114660,24954,202797,34198,91217,63497,621545,31804,58734,301339,98159,96542,91290,72980,158529,282315,12879,40216,132458,73315,39364,122954,65997,92886,47875,128042,22881,284923,294332,361718,535327,89947,103112,352459,297773,73525,25560,18867,262938,28063,71128,17905,53575,7578,48401,76093,31455,80792,29366,68553,55052,508,21253,35185,31408,23840,36798,239972,46891,91946,5572,70964,106723,112919,52714,161517,69338,77421,1208,959,26935,1220,16155,2125,6296,29034,4869,70,743,827,49598,219534,269391,170246,103266,203341,132525,11794,233245,47294,8838,17395,83895,252454,24021,789,177447,89129,89129,9132,37100,57490,,,,,,,,,,,,
2024-12-26,650102,376775,105661,212877,333796,115093,15974,153080,169368,31635,64854,34874,5857,84727,229706,41850,115066,25025,201832,34105,91065,63007,622970,32303,59583,300783,98489,98611,92968,71887,159773,284792,12978,40325,133641,72441,39860,122799,65903,92917,59899,128215,22810,285086,294869,361901,534693,88828,103575,352060,299250,74732,25414,18827,262712,28146,72027,17748,53137,7512,48305,77019,31511,81194,40072,81341,55196,491,21620,35174,31595,23936,36691,241920,46912,93425,5618,70386,106430,113050,52514,163038,67814,78188,1145,862,31724,1211,15985,1995,6356,28335,4877,70,744,850,49594,220598,269483,169960,102168,204390,133835,11602,235079,47238,8684,17690,85162,252528,24118,784,180009,89832,89832,8831,36945,57287,,,,,,,,,,,,
2024-12-27,648459,376429,105497,211421,334110,114417,15985,153177,168842,31456,64348,35027,5751,84815,228925,42014,114665,24906,201034,33962,90695,62797,622659,32556,59932,300006,98378,99447,93362,71954,159996,285361,12930,40330,133851,71837,39931,121809,65645,92411,62425,127709,22677,284047,295165,361540,533238,88150,103092,351128,299255,75101,25128,18743,261864,27957,71959,17630,52779,7412,47842,77184,31438,80974,41789,83587,55076,487,21751,35071,31572,23737,36406,242016,46705,93500,5603,69963,105999,112865,52174,163385,66584,78146,1112,837,32388,1186,15921,1928,6367,27905,4864,72,745,857,49146,220083,269084,169404,101320,204795,133149,11413,235372,46837,8517,17543,85627,252127,24105,788,180511,89845,89845,8631,36858,57033,,,,,,,,,,,,
2024-12-29,643439,373626,104624,207601,335014,111913,15523,152779,168086,31047,63339,33056,5629,83895,227436,41611,113909,24611,199420,34054,90210,60368,619420,32608,60723,297474,97840,100489,92402,70839,159502,286317,13005,40587,135530,70813,40177,120109,65303,91530,63259,126525,22243,282438,296197,358257,529623,86871,102481,346541,299763,75476,24833,18473,259872,27411,71960,17329,52095,7218,47432,77300,31345,80134,42549,85113,54752,453,21901,34604,31422,23305,35925,242281,45932,93001,5678,69036,103900,112502,51252,159434,63950,78510,1066,697,32470,1140,15661,1699,6333,26748,4722,72,747,851,48322,218735,267552,168388,99075,204170,130996,11146,234452,46014,8115,17412,86110,250416,23839,753,180455,87943,87943,8276,36559,56476,,,,,,,,,,,,
2024-12-30,639663,372736,104200,205961,336197,111482,15370,152484,168041,30967,63172,32572,5579,83942,226608,41552,113769,24506,198606,34233,90122,59861,616816,32472,61105,295562,97954,100190,92004,70368,159190,288035,13216,40862,136995,70413,40412,119782,65021,91790,63305,125975,22193,281480,296097,356513,526560,86415,102551,344256,300040,75722,24711,18184,258381,27338,72207,17198,52075,7153,47472,77192,31226,80014,42542,85213,54712,453,21974,34481,31323,23514,35962,241833,45744,91998,5761,68683,102783,112098,50972,157737,62642,78660,1058,644,32543,1130,15592,1625,6377,26251,4718,74,745,874,48138,218142,267764,167996,98275,203942,130606,11064,234212,45637,7990,17348,85954,249541,23665,739,180264,86649,86649,8169,36467,56381,,,,,,,,,,,,
2024-12-31,638811,372575,104008,205509,337803,111244,15179,152695,168342,31002,63223,32023,5579,84094,226443,41516,113666,24473,198316,34362,90222,59374,616354,32631,61438,295737,98162,100694,92222,70167,159569,289878,13448,41082,138391,70323,40583,119619,64998,92105,63456,125862,22118,280617,297360,355820,526063,86162,102934,343002,301084,76057,24627,18130,257757,27363,72487,17139,52161,7077,47492,77454,31261,80070,42530,85352,54805,456,21964,34283,31450,23497,36155,242175,45566,91681,5846,68584,102401,111958,50588,155422,61496,78899,1045,611,32728,1124,15604,1588,6418,26063,4728,71,746,899,48150,218481,268516,168419,97896,204039,130543,11034,234739,45601,7945,17287,85732,249557,23781,730,180907,86331,86331,8115,36664,56401,,,,,,,,,,,,
2025-01-01,639627,373186,103950,205464,340336,110972,15048,153204,168862,31114,63130,31813,5554,84258,226478,41652,114098,24597,198413,34573,90509,59020,617545,32835,61777,296506,98584,101283,93258,70600,160128,292468,13721,41384,140227,70222,40941,119747,65038,92437,63566,126047,22088,280826,299457,356441,526974,86126,103300,342884,303154,76468,24637,18111,257965,27514,72756,17126,52120,6974,47915,77972,31285,80215,42647,85686,55083,451,22029,34322,31607,23530,36266,242646,45203,91593,5958,68561,102019,111967,50509,154036,60467,79201,1044,567,32809,1135,15678,1378,6511,25761,4765,70,590,894,48216,218886,270231,169621,97495,204672,130813,11029,236015,45870,7870,17237,85831,249807,23793,718,182449,86403,86403,8063,36764,56456,,,,,,,,,,,,
2025-01-02,644700,376364,104749,207088,345576,111340,15002,154909,170917,31215,63474,31550,5562,85007,228987,41990,115150,24798,199409,34841,91027,58985,623078,33388,62710,299630,99384,104539,96033,73183,163152,297281,13957,41779,142958,70518,41422,120703,65249,92962,63762,126529,22168,284216,306766,360351,531696,86389,103929,345437,307474,77876,24700,18282,260160,27860,73975,17379,52174,6222,48284,80427,32010,81164,43058,86594,55970,447,22347,34878,32055,23861,36342,245080,45080,91933,6047,69007,101897,112476,50790,152811,59912,79867,1023,522,32903,1147,15727,1315,6679,25651,4855,66,591,909,48804,221386,276888,176046,97974,208948,131437,11166,240002,46416,7788,17313,86615,252143,24093,697,187944,87961,87961,7954,37006,56811,,,,,,,,,,,,
2025-01-03,641983,374314,104320,205624,342649,110492,14777,153842,170752,31014,63290,31182,5484,84904,227739,42344,114992,24763,198851,34704,90232,58164,621315,33399,62839,298255,98863,105114,96779,73307,163881,294671,13915,41624,140944,70117,41356,119909,64882,92574,63726,125281,21837,283074,307205,359003,529999,85730,103382,343267,307192,78052,24529,18051,258647,27814,74081,17278,51563,5753,47793,81083,32038,80948,42999,86452,55791,454,22267,34915,31979,24008,36126,244385,44431,91164,6009,68474,100738,112090,50427,149420,59150,79661,996,472,32868,1132,15664,1247,6715,25175,4913,59,590,896,48578,220432,277444,176630,97279,209216,130780,11102,240141,45903,7657,17146,86351,251407,23982,695,189231,87451,87451,7797,36805,56432,,,,,,,,,,,,
2025-01-04,639031,372209,103682,203954,339762,109654,14609,152926,170037,30997,62928,30701,5399,84539,226221,42402,114580,24631,197918,34697,89567,57510,619483,33434,63023,296928,98516,105168,96715,73025,163850,291973,13905,41553,139090,69547,41315,119141,64432,92338,63634,124183,21663,282106,307448,357610,527839,85104,102958,341348,307301,77856,24389,17912,257289,27736,74112,16968,51011,5501,47491,80792,31616,80689,42893,86269,55519,446,22175,34985,31869,23902,35908,243912,43962,90433,6013,67891,99658,111949,50154,147469,58261,79444,994,436,32752,1132,15508,1211,6731,24841,4944,58,592,893,48268,219435,277166,176556,96764,208955,129594,11010,240235,45639,7495,17114,86005,251440,23765,668,189441,87103,87103,7650,36698,55981,,,,,,,,,,,,
2025-01-05,635801,370543,103085,202371,338273,108600,14484,152192,169370,30931,62657,30409,5347,83920,225023,42231,115142,24466,195676,35370,89199,56807,618354,33432,63430,295617,98324,105924,96510,72865,163637,290832,13959,41537,138316,69265,41071,118589,64109,92347,62019,123794,21440,281111,308348,356046,525990,84217,102619,339400,307849,78271,24316,17589,256096,27572,73858,16884,50142,5293,48531,80516,31324,80497,42755,86094,55364,452,22210,34847,31887,23816,35802,243467,43255,90106,6356,67585,98977,112402,49990,145695,57264,79248,974,433,32679,1127,15352,1200,6401,24746,4963,59,592,897,48042,218566,276644,176377,96554,208682,129017,10935,240284,45411,7403,17056,85563,250891,23669,653,189602,86920,86920,7502,36359,54996,,,,,,,,,,,,
2025-01-07,630317,367938,102554,199181,335978,107549,14449,151185,169076,30899,62014,29831,5318,82874,223740,41829,119146,24113,192354,35878,88333,56123,614613,33390,63646,293016,98046,106504,96231,72325,163012,288640,13978,41652,137897,68820,41133,118041,63246,92162,60001,122186,21216,278213,307968,351778,522297,83459,102147,336647,308016,78616,24095,17113,254047,27361,73725,16697,49475,5070,52139,80001,30848,79566,42510,85224,55033,452,22122,35020,31659,23712,35470,241524,42322,88899,6758,66784,97539,112177,50412,142679,55295,78809,957,429,32673,1101,15425,1176,6151,24307,5018,59,587,919,48379,217373,275563,175515,95197,207816,127613,10806,239320,44930,7272,16729,84200,249242,23797,635,189429,86356,86356,7277,36178,54127,,,,,,,,,,,,
2025-01-08,628228,367106,102312,198121,335963,107123,14431,150924,168934,30857,62111,29626,5299,82515,222855,41875,120074,24214,189629,36246,88003,55763,613626,33493,63926,292078,98278,106597,96225,72432,163402,289463,14142,41854,138459,68545,41205,117521,63023,91789,59214,121516,21057,277027,308070,350587,521066,82925,101863,335879,307967,78793,24070,17187,253651,27291,73558,16578,49007,4924,53035,79955,30593,79538,42400,84954,54933,455,22123,34892,31609,23634,35565,240722,42299,88422,6891,66488,96963,112052,50579,141696,54519,78777,951,355,32662,1094,15469,860,6122,24162,5037,62,574,915,48321,216624,274796,175263,94797,207867,127443,10733,239200,45019,7252,16738,83537,248671,23782,630,189705,86016,86016,7129,36126,53698,,,,,,,,,,,,
2025-01-10,624905,364993,101882,195915,335007,106773,14622,150535,168318,31063,61811,29315,5253,82025,221492,42162,121222,24215,185283,36815,87495,55058,611989,33503,64460,289609,98090,106897,95651,72385,164166,289161,14230,42082,138108,68008,41623,116638,62917,91514,57510,120312,23378,275301,307088,348475,518377,82120,101379,334388,306887,79407,24025,17042,252287,27156,73283,16477,48501,4732,54128,79822,30591,79365,42094,84394,54807,440,22012,34536,31716,23542,35714,239168,41891,87457,7155,66265,96092,111796,51155,140126,52885,78933,948,326,32806,1090,15504,788,6201,23933,5038,64,568,906,48201,215649,273453,174544,95519,207014,126548,10635,238748,44903,7292,16868,82360,248005,23717,633,189421,85819,85819,6804,36295,53145,,,,,,,,,,,,
2025-01-11,623072,363552,101698,195374,332887,106466,14874,150404,168251,31019,61573,29160,5255,81866,220932,42160,121715,24190,183030,37036,87088,54707,610292,33567,64628,292127,98435,106941,95491,72194,164353,286486,14151,42102,136226,67647,41862,116263,62648,91615,56557,120180,25570,274482,306542,347221,516881,81841,100869,333372,305282,79825,23989,17068,251633,27129,73139,16524,48198,4629,54402,79563,30856,79209,41956,84530,54794,444,22007,34625,31672,23510,35974,238874,41816,86821,7268,65770,95199,111931,51218,139420,51895,78936,942,326,32774,1092,15449,776,6235,23798,5090,64,339,921,47942,215174,272430,174617,95556,206334,126000,10553,238105,44882,7312,16837,81804,247409,23670,634,188940,85623,85623,6688,36313,52814,,,,,,,,,,,,
2025-01-12,621813,362527,101651,194636,330941,105834,14811,150415,168374,30826,61670,28842,5238,81463,220546,42089,121669,24163,181413,37148,85967,54118,608919,33657,64601,295420,98792,108010,95351,72205,164493,283839,14241,42232,134244,67142,41625,116004,62331,91322,55986,121063,27090,273452,307109,345936,515518,81652,101063,332500,303604,80741,24026,17118,250864,27078,72908,16613,47636,4497,54262,79468,31112,79210,41820,85961,54755,450,21973,34743,31500,23315,36280,239243,41595,85741,7291,65447,94387,111955,51268,138261,50928,80414,935,333,32734,1103,15306,754,6234,23668,5141,65,169,930,47923,214672,272045,174167,95631,206083,125943,10472,237262,44979,7311,16832,81265,246831,23618,630,188690,85705,85705,6466,35076,52612,,,,,,,,,,,,
2025-01-20,606858,352517,100954,187901,319351,103796,14557,148909,168916,30198,62166,26437,5221,79800,218029,40966,120397,23295,173585,38300,82340,51953,593935,33692,63230,312946,101319,105610,94090,71950,164941,270453,14202,43613,124458,65394,42443,114961,60854,89740,44416,126191,36079,264835,303636,333815,501495,79571,98858,326005,289885,81350,23986,16701,246237,27434,72440,16221,45441,4073,54050,78439,31583,78464,38357,82962,54544,460,21402,34532,31801,23001,36509,233742,39808,80748,7287,64680,91299,111053,52593,132202,44074,85219,1541,351,28591,1105,15090,755,6000,22621,5587,60,145,951,47240,211181,270128,172047,95612,203786,122258,10214,231806,44106,7386,16166,76607,242662,24053,619,186968,84423,84423,6666,32009,51044,,,,,,,,,,,,
2025-01-21,604495,351139,100722,186781,317814,103536,14562,148570,168945,30070,62198,26867,5208,79432,217057,40697,120136,23182,172795,38235,82034,51700,591520,33715,62770,313964,101201,104890,93736,71450,164200,268553,14142,43605,123456,65124,42434,114555,60691,89629,39972,126093,36724,263764,302435,331422,498795,79355,98091,324799,288717,81180,23964,16622,245410,27407,72243,16100,45229,4070,53941,77990,31459,78322,36810,80672,54416,459,21359,34474,31746,23050,36337,232295,39639,79239,7285,64617,90811,110591,52535,131623,43033,85264,1619,356,26938,1121,15083,742,5962,22460,5643,63,145,951,47086,210100,269256,171254,95582,206189,121392,10213,232214,43770,7419,16052,76023,241690,24225,619,186550,84042,84042,6688,31943,50807,,,,,,,,,,,,
2025-01-22,601999,349238,100350,185600,315670,103205,14647,148007,169094,29970,62257,27504,5188,78909,215921,40232,119937,23049,171817,38173,81749,51582,589392,33701,62449,315170,101174,104040,93223,71022,163767,266906,14139,43704,122788,64751,42245,114217,60288,89569,35462,126038,37501,262516,300987,329178,496432,79221,97102,323221,287158,81102,23971,16475,244530,27240,72135,16023,45031,4006,53788,77478,31362,77953,34436,77285,54211,468,21171,34340,31486,22978,36299,230619,39634,77660,7210,64515,90081,109957,52558,130998,42426,85183,1706,357,25258,1121,15114,743,5962,22270,5677,67,148,952,46855,208671,268056,170297,95930,210572,120206,10198,233121,43505,7478,15974,75312,240389,24173,614,185461,83235,83235,6715,31823,50794,,,,,,,,,,,,
2025-01-28,601560,348667,100831,183104,311222,104002,15228,149690,173707,30123,63329,26980,5357,77818,216889,38785,121289,23138,171495,38245,82710,51008,589941,33620,62406,325477,103322,101391,91366,70842,163134,261383,14342,44204,117034,65441,41950,115751,60375,91086,18625,129208,43056,270638,298895,327962,497594,80629,95198,327247,287773,80360,25165,16393,250107,27445,73224,16418,45158,4028,54112,77317,31555,78859,22271,63492,54879,477,20673,35253,31686,23257,36796,228640,39527,75136,7122,65776,90524,110772,54400,131383,39810,86691,1968,342,20493,1142,16470,795,5865,22313,7522,67,146,920,48297,209608,269769,169408,100924,300288,119922,10518,263755,43774,7770,16095,73554,242806,24246,592,187222,83335,83335,7285,34316,52535,,,,,,,,,,,,
2025-01-29,599567,347524,100591,182003,309038,103828,15254,149386,174138,29975,63349,26692,5334,77400,216397,38488,121042,23046,170876,38168,82602,50818,587892,33538,62436,326339,103216,100793,90595,70358,162766,258687,14180,43950,115275,65274,41895,115239,60255,90831,18156,129048,43947,271744,296701,326385,495702,80556,94275,327611,286089,79798,25615,16421,251452,27254,73098,16346,45056,4049,53760,76962,31349,78680,22059,63185,54783,477,20611,35255,31575,23222,36748,227588,39441,74722,7058,65808,90506,110654,54459,130890,39140,86723,1977,424,20543,1135,16636,789,5787,22229,7985,68,146,906,48403,208696,268735,168380,101051,310602,119196,10518,266450,43422,7778,16042,72982,242246,24178,586,186281,82979,82979,7311,34594,52631,,,,,,,,,,,,
2025-02-02,592193,345781,101331,180945,302631,105000,16072,150443,177909,31188,63747,26229,5580,77275,217949,37738,121035,23055,171059,37662,83828,51179,579639,33658,62768,336284,104649,96875,87450,67735,160861,250513,14108,45651,108749,65692,42884,118531,60622,92207,17661,132626,49339,274990,287352,321157,488574,83123,93598,329156,282631,78845,26826,16289,262213,26977,72870,16370,45306,4083,53848,74245,30837,78746,21767,63327,55577,471,20578,35584,32303,23256,38020,225445,50242,74883,6738,67015,91159,110358,55606,131164,37673,88019,2040,780,20607,1238,17194,796,5490,22532,9130,65,140,908,49454,207326,265543,165037,105291,351598,117439,10625,277390,43692,8012,16047,72397,240734,24985,593,181167,82154,82154,7957,36447,53825,,,,,,,,,,,,
2025-02-03,592901,346469,101518,181217,301703,105301,16118,151025,178684,31515,63931,26110,5623,77267,218814,37501,118689,23158,171344,37423,83991,51249,581078,33864,63046,339225,104726,96747,87609,68001,161687,249081,14069,45814,106987,65742,42991,118799,60753,92159,17588,132990,50197,276434,287296,322151,489997,83878,93371,330290,283059,78893,26984,16283,265346,27107,73203,16490,45312,4062,51471,74787,30860,78856,21812,63490,55828,480,20675,35637,32492,23520,38026,225673,55805,74607,6459,67171,91182,110080,55701,131216,37497,88172,2032,874,20673,1240,17130,788,5400,22626,9310,65,136,927,49475,207387,266721,166076,106123,361574,117616,10653,281743,43803,8611,16087,72626,241028,24910,594,182330,82382,82382,8080,36635,54276,,,,,,,,,,,,
2025-02-04,591900,346471,101630,181257,300438,105518,16169,151504,179112,31778,64042,25969,5613,77238,219171,37328,117562,23230,171446,37172,84100,51278,581096,33985,63143,341021,104664,96786,87461,68048,161677,247247,14009,46020,105088,65729,43182,118942,60716,92080,17514,133121,50807,276786,286486,321732,489781,84478,93166,330652,282678,78852,27157,16337,267589,27188,73401,16579,45171,4013,50421,74942,30876,79018,21783,63587,55966,488,20676,35655,32651,23685,38061,225788,60400,74480,6351,67123,91085,109677,55662,131066,37176,88382,2028,1003,20743,1264,17066,784,5323,22675,9457,63,130,967,49285,207311,267120,166645,106581,368959,117428,10686,284618,43801,8921,16031,72603,240631,24799,592,182582,82552,82552,8161,36741,54464,,,,,,,,,,,,
2025-02-05,591711,346674,101671,181160,299048,105721,16242,151626,179505,32280,63928,25794,5621,77229,219404,37116,116620,23047,171445,36795,84081,51295,581326,34071,63126,343347,104501,96760,87419,68063,161352,245395,13874,46082,103241,65718,43267,118994,60558,92141,17390,133450,51618,277269,285529,321635,490006,85295,92952,331118,282634,78856,27307,16107,270218,27382,73543,16682,45205,3988,49420,75162,30817,78926,21739,63724,56056,490,20652,35763,32708,23816,37910,225853,68488,74137,6248,67125,90910,109373,55777,130585,36759,88389,2025,1267,20860,1285,17018,777,5218,22712,9612,64,126,1003,49305,207527,267323,167171,106770,376986,116820,10730,286872,43575,8906,16032,72648,240403,24774,593,182632,82694,82694,8227,36836,54883,,,,,,,,,,,,
2025-02-09,589184,347270,101260,178831,296957,106562,15698,152640,180464,32796,63686,24957,5603,76719,220538,36751,113855,22809,171847,35623,83869,52083,579898,34281,63025,347147,104435,95417,87869,68342,160641,244048,13820,47259,100474,65508,42868,119012,60218,91463,16923,132090,49231,280099,283379,320873,489806,86991,91498,332002,279854,77704,27662,16055,280918,27575,74290,16404,45867,3889,47217,75865,30320,79017,21912,61918,56119,489,20609,35911,32608,24079,37260,225369,86836,73018,5834,67165,90708,107577,56736,129075,34702,87209,2017,1560,20349,1291,16630,760,4816,22351,10561,63,120,1039,49234,207822,268459,168240,107834,407027,116998,10917,293466,43064,8924,15706,72609,240183,25261,570,182672,82735,82735,8833,37033,55624,,,,,,,,,,,,
2025-02-12,587486,346504,102004,176930,297802,107204,15437,153403,181138,32625,63719,24374,5572,76527,221313,36358,114273,22860,172546,35057,84222,51809,578037,34555,63216,345603,104068,94958,87746,68833,160527,243720,13467,48452,100777,65358,42298,118949,60340,91009,16529,129138,47070,282474,282149,320226,487925,87357,90380,331638,278534,77454,28016,15880,286884,27652,74331,16327,46000,3809,47371,76387,29913,79171,21837,60537,56456,499,20503,36299,32689,23978,37261,224303,91373,71373,5705,67444,90753,106014,56767,128641,33245,85686,2001,1583,19893,1286,16290,761,4774,22287,11390,62,113,1015,50692,207783,271149,170869,108465,424977,116723,11011,298040,42371,8765,15399,72565,238973,25066,556,183444,83418,83418,9251,37488,55871,,,,,,,,,,,,
2025-02-13,586342,346414,102021,176635,297827,108410,15479,153668,181409,32683,63646,24231,5594,76498,221383,36480,115285,22786,172702,34897,84356,51911,577557,34653,63258,345282,103803,94947,87830,68765,160101,243793,13479,48814,100876,65219,42271,118734,60344,90798,16388,127927,46464,282946,281794,320332,487733,87624,90195,331717,277984,77260,28237,15777,287744,27739,74383,16217,46039,3790,48357,76510,30046,79087,21869,60194,56627,513,20486,36195,32476,24018,37137,223916,92260,71109,5630,67444,91725,105650,56791,128692,32794,84711,1991,1580,19691,1290,16240,761,4752,22312,11504,62,111,1014,50724,208080,271060,171038,108723,429576,117010,11006,299197,42240,8758,15358,72600,238551,24981,552,183329,83491,83491,9333,37755,56256,,,,,,,,,,,,
2025-02-15,585158,345229,102526,176067,298005,109040,15371,154296,181389,32707,63365,23827,5668,76668,221304,36246,115507,22929,173155,34742,84039,52091,576125,34431,63511,347256,103519,94777,87353,68864,159205,243726,13511,49660,101269,65037,42204,118288,60435,90373,16133,125523,45454,283847,281730,320199,486901,87763,89860,331357,277709,76984,28711,15490,289704,28009,74671,16174,46109,3758,48585,77136,30019,79086,21809,59501,56907,528,20646,36144,32310,24008,36945,223314,93843,70332,5559,67985,92041,104840,56739,128253,32046,83324,1995,1594,19403,1282,16062,785,4783,22220,11818,66,106,1022,51100,207986,271707,171603,109149,437191,116339,10986,301446,42251,8655,15196,72530,237442,24782,544,183960,84137,84137,9567,38080,56701,,,,,,,,,,,,
2025-02-16,587812,345163,102600,175579,298318,109384,15436,154617,181546,32662,63174,23633,5703,76467,221244,36142,115444,23015,173498,33824,83810,52004,576260,34494,63587,350279,103531,94730,87472,69099,159001,243939,13501,49710,101354,64799,41356,119901,60337,90128,16236,124516,45195,284228,280988,320223,486567,87576,90702,331525,277439,76737,28863,15353,291813,28140,74009,16190,46127,3628,48892,77347,30163,79710,21750,59116,57664,779,20669,36188,32298,23980,36993,222786,95319,69602,5554,67872,91727,104383,57061,128872,31685,82417,1619,1600,19334,1276,16042,802,4813,22236,11996,68,102,1017,51217,208130,273205,171977,109839,441729,115893,11013,302663,42351,8648,15257,72642,236968,25174,536,184449,85222,85222,9582,38286,56944,,,,,,,,,,,,
2025-02-18,590056,344964,102834,175278,298713,110657,15461,154705,181778,32666,63101,22068,5736,76541,221202,35957,115641,23078,174477,33720,83488,52203,576333,34434,63796,352388,104308,94413,87684,69270,158953,244873,13446,51414,101875,64611,41471,121643,60244,89543,16194,123218,44677,284561,280465,320587,485749,87772,91458,331925,276348,76767,29011,15103,295233,28595,73508,16190,46243,3534,49207,77490,30441,80351,21735,58924,57902,934,20515,36268,32050,23805,37108,221878,96894,68717,5525,67246,91477,104566,57311,127964,31021,81361,1443,1651,19192,1265,15770,809,4888,22100,12257,67,97,997,51367,208733,274674,173632,110547,448424,115263,11087,303818,42463,8571,15375,72976,235489,25366,527,186078,86078,86078,9652,38411,57435,,,,,,,,,,,,
2025-02-19,590786,344986,103125,175657,298909,111198,15413,154812,181686,32677,62979,20961,5756,76528,221185,35980,115409,23112,174952,33748,83445,52160,575487,34484,63820,353126,104822,94329,87646,69461,158435,245628,13440,52085,101572,64453,41460,122254,60373,89200,16148,122640,44420,284833,279730,320603,484835,87879,91706,332328,276079,76424,29166,15069,296634,28804,73053,16152,46295,3487,49467,77370,30556,80667,21689,58877,57871,997,20498,36324,32055,23738,37151,221667,98504,68460,5479,67199,91494,104989,57426,128192,30625,81097,1356,1665,19009,1249,15691,806,4918,22100,12480,63,95,987,51440,208656,274858,173903,110664,449892,114787,11218,303236,42310,8454,15543,72925,234981,25577,528,186516,86266,86266,9718,38583,57617,,,,,,,,,,,,
2025-02-20,590726,344934,103220,175611,299063,111753,15285,154995,181666,32695,62786,20005,5756,76500,221180,35992,115286,23110,175506,33651,83488,52196,574464,34486,63712,353623,105155,94425,87475,69507,157906,246042,13376,52750,101500,64078,41453,122695,60429,88835,16060,122006,44221,284956,278924,320408,483984,87907,91818,332549,275018,76479,29258,15090,297916,28864,72784,16082,46355,3455,49583,77317,30580,80987,21627,58805,57884,1063,20418,36376,32078,23663,37259,221484,99504,68139,5418,67038,91253,105057,57591,128288,30427,80907,1307,1678,18821,1240,15693,809,4957,22077,12702,64,95,977,51300,208443,275020,173997,110675,450393,114615,11271,301401,42281,8395,15567,72976,234346,25735,532,187112,86371,86371,9774,38726,57876,,,,,,,,,,,,
2025-02-21,590686,344806,103219,175760,299014,112480,15330,155039,181666,32850,62795,19632,5741,76749,221050,36095,115215,23215,175767,33789,83418,52420,573735,34778,63725,354607,105458,94494,87375,69914,157546,246013,13266,53449,101510,63780,41381,123440,60430,88705,15979,121472,44175,285175,278359,320580,483277,87942,91792,333045,274251,76230,29365,15069,299295,29038,72506,16038,46476,3402,49613,77348,30475,80951,21616,58863,57694,1120,20465,36448,32064,23668,37249,221376,100382,67312,5418,66894,91051,105388,57729,128762,30088,80609,1221,1684,18780,1238,15675,794,4988,21929,12961,60,93,1004,51234,208653,275685,174404,110421,448653,114309,11315,298702,42265,8369,15590,72939,233744,25695,526,186833,86342,86342,9810,38747,57968,,,,,,,,,,,,
2025-02-22,590441,345289,103201,176181,299774,113427,15431,155130,181730,33082,62866,19396,5803,76990,221315,36158,114993,23220,176025,33898,83327,52550,572749,35175,63748,355613,106083,94695,87421,70258,157267,246239,13294,54477,101218,63543,41315,124096,60383,88587,15843,120929,43711,285210,277814,320202,482431,88018,91719,333801,273788,76018,29531,15035,300879,29277,72570,15986,46599,3374,49682,77195,30636,81075,21629,58769,57709,1188,20490,36590,32167,23940,37297,221326,100825,66716,5409,67014,91433,105681,57848,129330,29791,80355,1139,1690,18738,1246,15601,792,5011,21891,13154,61,91,989,51157,208307,275343,174611,110094,446394,113511,11378,295987,42175,8347,15514,72970,233005,25784,529,186416,86487,86487,9809,38746,58105,,,,,,,,,,,,
2025-02-23,590302,345411,103345,176382,300072,114236,15353,155084,181759,33697,62913,19048,5825,77151,221411,36334,114275,23105,176633,33866,83349,52675,572029,35051,63381,357393,108212,94877,87300,70409,157630,246519,13252,55331,100501,63587,41144,126567,60337,88317,15677,119992,43312,284000,276450,319974,481487,88274,91644,333425,273442,75848,29674,15010,302957,29503,74059,16051,46654,3317,49781,77175,30704,81381,21715,58065,57699,1485,20509,36625,32174,24113,37307,221033,102104,66119,5381,67118,91634,105845,58129,129746,29546,79772,1114,1702,18613,1242,14811,800,5034,21880,13003,61,91,983,51190,207611,275062,175222,109878,441945,112611,11439,292795,42044,8329,15512,72975,231792,26106,523,186861,86600,86600,9795,37904,58125,,,,,,,,,,,,
2025-02-24,589480,345845,103378,176858,300282,114990,15243,155237,181625,33720,62919,18681,5845,77301,220975,36385,113807,23010,177327,33920,83403,52676,570703,35043,63418,359329,108942,95000,86989,70440,157743,246517,13232,56023,99956,63720,41097,127847,60363,88188,15539,119315,42945,283260,275521,319928,480258,88208,91627,333228,273116,75856,29778,14879,304584,29650,74679,16109,46672,3257,49810,77155,30924,81070,21837,57814,57609,1587,20648,36599,32228,24182,37328,220680,102799,65627,5335,67111,91783,106143,58338,129797,29305,79507,1096,1709,18479,1242,14599,799,5039,21898,12970,61,91,990,51156,207105,274957,176204,109631,438447,111693,11511,290182,41925,8374,15473,72987,230754,26268,525,187538,86943,86943,9751,37740,58136,,,,,,,,,,,,
2025-02-25,588461,345482,103306,176810,300632,115456,15211,155388,181267,33819,62890,18166,5840,77285,220902,36319,113737,22997,177728,33929,83537,52774,569903,35067,63466,359608,109508,94752,86854,70606,157488,246544,13206,56635,99929,63878,40911,128636,60391,87935,15468,118883,42644,281753,274474,319976,479365,88287,91558,332362,273072,76097,29737,14720,304699,29801,75094,16099,46676,3255,49812,77075,30798,80899,21815,57696,57559,1671,20851,36565,32145,24012,37253,220157,103276,64973,5305,66715,91059,106117,58640,129990,29094,79265,1084,1725,18384,1240,14393,796,5069,21828,13039,61,90,1006,51076,206678,275207,176968,109628,435339,110968,11559,287471,41869,8353,15567,72986,229896,26192,529,187759,87041,87041,9711,37630,58222,,,,,,,,,,,,
2025-02-26,588004,346225,103236,176854,301228,116089,15127,155585,180917,33862,63154,17655,5817,77274,220819,36244,113596,23096,178153,33981,83581,52857,570290,35081,63501,360263,110247,94601,87039,70827,157238,247430,13135,57697,100179,64084,40568,129595,60440,87720,15406,118641,42096,280125,273914,320528,479133,88341,91527,331481,272799,76085,29787,14565,305444,29889,75952,16030,46666,3194,49833,76997,30808,80857,21757,57497,57572,1794,20917,36571,32079,24155,37051,219797,104632,64472,5269,66577,90641,105940,58813,130569,28764,78996,1071,1661,18145,1219,14148,803,5070,21760,13103,62,88,1010,50959,206553,274721,177317,109356,432583,110763,11535,284675,41896,8349,15623,72868,229349,26207,524,188138,86885,86885,9667,37470,58146,,,,,,,,,,,,
2025-02-27,586929,346225,103380,176719,301515,116755,15312,155787,180705,33914,63420,16993,5810,77342,220820,36313,113360,23109,178579,33915,83482,52979,569374,35100,63500,360346,110709,94824,87235,71487,157124,248003,13169,58776,100043,64333,40378,130318,60567,87508,15332,118312,41461,278441,273381,320996,478504,88435,91444,330046,272265,76132,29740,14383,305484,29968,76684,15991,46766,3153,49854,77068,30955,80656,21714,57286,57559,1900,20873,36603,32013,24275,37024,219408,105454,63666,5217,66388,90229,105733,58953,130528,28326,78934,1059,1628,17870,1206,13920,800,5077,21781,13128,63,84,1022,50879,206358,274831,177718,109053,429941,110822,11518,282769,41809,8323,15633,72856,228557,26308,518,188449,87082,87082,9741,37335,58089,,,,,,,,,,,,
2025-02-28,585692,346602,103451,175938,301556,117445,15252,156099,179528,33686,63392,16633,5819,77425,220181,36483,113183,23065,178418,33807,83283,53175,569404,35093,63338,359712,111792,94919,87125,71506,157001,248480,13130,59601,99576,64259,40559,130632,60568,87211,15265,117528,40766,277207,271671,321661,477901,88427,91466,328965,271477,76326,29693,14401,304866,30108,77163,16033,46809,3110,49838,77036,31009,80269,21643,57078,57415,1997,20930,36360,31786,24276,37045,218715,106297,63030,5148,66101,89913,105644,59194,130789,28069,78708,1044,1630,17822,1200,13692,810,5112,21937,13069,64,83,1021,50560,205626,274080,177473,108742,426366,110783,11525,279990,41495,8285,15663,72704,227725,26218,511,188691,87253,87253,9818,37371,58161,,,,,,,,,,,,
2025-03-01,584621,346652,103262,175467,302083,117698,15069,158011,178979,33686,63397,16349,5825,77211,220367,36600,112960,23018,178321,33757,83234,53338,568214,34901,63167,359177,112316,95084,86903,71793,156682,248825,13099,60173,99480,63998,40463,131037,60523,86903,15003,116823,40275,276101,270426,321826,477088,88400,91335,328170,271000,76470,29688,14223,304511,30294,77800,16071,46721,3053,49653,77125,31013,80195,21596,56929,57077,2087,21035,36292,31666,24227,37050,219747,106971,62419,5101,65864,89705,105556,59188,131049,28028,78391,1027,1633,17750,1159,13439,816,5146,21865,13098,63,84,1011,50563,205408,273691,177541,108064,423130,110833,11468,277929,41249,8249,15581,72560,226738,26013,502,189803,87123,87123,9815,37064,58357,,,,,,,,,,,,
2025-03-02,583535,346943,103278,174970,302520,118215,14907,160239,178677,33138,63568,16246,5811,77207,220326,36773,113149,23024,178043,33759,84048,54307,567227,34780,62828,357400,112479,94864,86798,71765,156094,248950,13067,60753,99570,64763,40318,132907,60728,86694,14867,116256,39659,274333,269086,322213,476910,87012,91224,327090,269979,76340,29665,14212,302330,30399,78485,15972,46738,3013,49575,77302,31163,79994,21604,56352,57269,2148,21205,36207,31636,24376,36925,222448,100837,62288,5078,65928,89802,105238,59194,131434,27917,78148,1015,1383,17748,1147,13304,828,5189,21702,13229,63,87,1005,50707,205712,273538,177594,107840,417268,110599,11493,275683,41076,8288,15498,72206,225774,25897,504,191165,88757,88757,10022,36953,58360,7663,13064,18866,84681,,,,,,,,
2025-03-03,582734,347137,103455,174685,302900,118657,14810,162206,178509,32789,63871,15971,5804,77302,220063,36980,113179,23084,178422,33756,83919,54483,566556,34741,62703,357373,112880,95157,86735,72240,155892,249409,13124,61547,99551,65229,40045,134333,60948,86692,14770,115838,39135,273660,268030,322876,476237,86572,91235,326084,269294,76272,29684,14133,301350,30494,78878,15937,46724,2975,49677,77365,31290,79998,21556,55916,57373,2173,21289,36399,31652,24494,36855,224559,97401,61987,5072,65775,89584,105144,59244,132315,27802,78188,1006,1299,17630,1153,13243,833,5228,21683,13399,62,88,1001,50770,205634,273707,178468,107875,414407,110699,11503,273464,41018,7719,15356,71968,225502,25988,498,191362,89703,89703,10110,36975,58328,7575,13030,18507,85246,,,,,,,,
2025-03-04,582707,347403,103469,174559,303093,119061,14740,163932,178251,32498,64211,15774,5786,77207,219918,36893,113047,23015,178689,33756,83866,54632,566282,34746,62667,357567,113234,95981,86918,72481,155654,249634,13133,62266,99377,65671,39814,135150,61109,86707,14679,115538,38832,273445,267754,323951,475672,86112,91245,325568,269125,76472,29741,14007,300750,30552,79057,15915,46782,2961,49688,77517,31425,79818,21603,55721,57405,2224,21340,36419,31662,24638,36916,225461,93874,61815,5022,65883,89675,104976,59287,133027,27641,78191,1009,1173,17485,1132,13130,836,5228,21778,13444,60,88,983,50779,205677,273863,179089,108046,411987,110932,11494,271688,41027,7408,15295,71860,225187,26262,496,192140,90037,90037,10208,37070,58454,7461,13008,18028,85538,,,,,,,,
2025-03-05,582339,347847,103450,174251,303302,119434,14817,165834,178178,32008,64828,15716,5789,77183,220026,38547,112742,23035,178603,34053,83847,55013,565282,34695,62656,357210,113491,96503,87070,72671,155815,249856,13134,62967,99226,65947,39578,135942,61139,86399,14612,115124,38891,272962,267840,324758,474820,85698,91248,325137,268934,76405,29744,13957,299753,30696,79157,15878,46733,2924,49703,77439,31491,79772,21635,55380,57506,2278,21432,36460,31660,24842,36845,227790,88036,61519,5016,65799,89583,104741,59421,133215,27590,78166,1012,942,17350,1117,13116,992,5205,21821,13578,59,86,966,50779,205457,274307,179760,107935,408337,111061,11503,269543,41056,7402,15279,71703,224913,26356,487,192545,90776,90776,10320,37130,58744,7308,13032,17731,86005,,,,,,,,
2025-03-06,582231,347579,103603,174295,303750,119754,14798,167564,177867,31739,64976,15700,5805,77136,220091,39363,112735,22988,178672,34164,83853,55352,564826,34589,62766,357343,113589,96883,86800,72822,155446,249763,13046,63493,99254,66187,39551,136460,61196,86250,14524,114771,39331,272085,267436,325381,474035,85095,91484,324958,269161,76366,29676,13826,298583,30900,79256,15838,46492,2901,49685,77540,31409,79621,21606,55311,57534,2318,21447,36404,31621,24905,36577,229099,83313,61180,4965,65459,89100,104385,59466,133785,27447,78293,1018,988,17226,1106,13127,1170,5321,21940,13765,59,85,949,50766,205610,274469,180107,107746,405304,110658,11536,267456,41275,7405,15208,71512,224437,26025,484,193688,91695,91695,10395,37356,58835,7198,12988,17563,86507,,,,,,,,
2025-03-07,582231,347579,103603,174295,303750,119754,14798,167564,177867,31739,64976,15700,5805,77136,220091,39363,112735,22988,178672,34164,83853,55352,564826,34589,62766,357343,113589,96883,86800,72822,155446,249763,13046,63493,99254,66187,39551,136460,61196,86250,14524,114771,39331,272085,267436,325381,474035,85095,91484,324958,269161,76366,29676,13826,298583,30900,79256,15838,46492,2901,49685,77540,31409,79621,21606,55311,57534,2318,21447,36404,31621,24905,36577,229099,83313,61180,4965,65459,89100,104385,59466,133785,27447,78293,1018,988,17226,1106,13127,1170,5321,21940,13765,59,85,949,50766,205610,274469,180107,107746,405304,110658,11536,267456,41275,7405,15208,71512,224437,26025,484,193688,91695,91695,10395,37356,58835,7198,12988,17563,86507,,,,,,,,
2025-03-11,583642,344862,103454,174794,303699,122692,15614,171966,176481,31541,65491,15580,5989,77663,218676,43188,112587,23374,178452,35964,84910,55810,563264,34956,62725,358756,115515,98618,87757,73683,153388,249606,13169,66440,98985,68336,39750,141921,61065,87311,14652,114466,40278,268859,264679,330148,471827,83290,90665,323972,270894,76388,29932,15377,295717,31579,80391,16288,46155,2872,50124,77670,31421,79272,21861,57497,58460,2763,21748,36955,32016,26002,35879,232692,69773,60855,4972,64582,87056,103573,58891,136925,26960,77517,1024,859,18138,1121,14151,1357,5503,22335,14257,60,82,933,49685,204984,276020,182475,108331,395966,109618,12894,265296,42142,7639,15059,71326,221389,26012,477,195414,95880,95880,10108,43016,59192,7110,13112,16626,89295,,,,,,,,
2025-03-13,583302,344564,103286,174907,304304,122599,15602,172928,175990,31627,65946,15590,6009,77644,218902,44516,111826,23794,178166,36783,84982,56604,562930,34866,62659,359034,116085,98793,87891,74341,153239,250119,13180,67860,99112,69141,40221,144619,61209,87501,14578,114721,40031,268226,262675,331287,471917,82742,91085,325281,271472,76249,29846,15996,296180,31874,81023,16368,46238,2824,49730,78039,31106,78747,22275,58320,58820,2928,21728,36781,32059,26054,35357,234177,69132,60574,4984,64636,85814,103590,58875,138220,26856,77781,1037,862,18413,1140,14177,1364,5518,22470,14216,59,82,944,49413,204179,276637,183866,108099,396142,110051,13332,264210,42460,7627,15549,71073,220967,26161,471,196179,96597,96597,10029,44569,59311,7638,12999,16288,90349,23062,11018,4207,5131,2433,50227,6224,20736
2025-03-14,583679,344603,103164,174581,304679,122961,15788,173459,175952,31556,66041,15610,6019,77650,219397,45081,112003,23914,178117,36964,85027,56799,562683,35059,62591,358633,116360,98835,87949,74598,153298,250486,13254,68443,99433,69362,40366,146520,61224,87760,14558,115179,39697,267965,261915,331983,472381,82533,91268,326662,271874,76338,29788,16126,296307,32006,81226,16472,46264,2782,49804,77992,31340,78713,22278,58717,58954,3014,21744,36906,32189,26160,35536,234810,68526,60439,4984,64730,85641,103460,58982,139085,26767,77762,1026,860,18508,1156,14353,1361,5479,22553,14315,58,84,928,49960,204175,277027,184650,107998,397365,109816,13588,263954,42621,7640,15573,70959,220741,26148,475,196459,97171,97171,9970,45404,59216,7699,12985,16040,90548,23227,11601,4388,5286,2420,50653,6923,21167
2025-03-22,,,,,,,,,,,,,,,,,,,,,,,,,,,,,,,,,,,,,,,,,,,,,,,,,,,,,,,,,,,,,,,,,,,,,,,,,,,,,,,,,,,,,,,,,,,,,,,,,,,,,,,,,,,,,,,,,,,,,,,,,,,,,,,,,,
2025-03-23,,,,,,,,,,,,,,,,,,,,,,,,,,,,,,,,,,,,,,,,,,,,,,,,,,,,,,,,,,,,,,,,,,,,,,,,,,,,,,,,,,,,,,,,,,,,,,,,,,,,,,,,,,,,,,,,,,,,,,,,,,,,,,,,,,
2025-03-24,,,,,,,,,,,,,,,,,,,,,,,,,,,,,,,,,,,,,,,,,,,,,,,,,,,,,,,,,,,,,,,,,,,,,,,,,,,,,,,,,,,,,,,,,,,,,,,,,,,,,,,,,,,,,,,,,,,,,,,,,,,,,,,,,,
2025-03-25,,,,,,,,,,,,,,,,,,,,,,,,,,,,,,,,,,,,,,,,,,,,,,,,,,,,,,,,,,,,,,,,,,,,,,,,,,,,,,,,,,,,,,,,,,,,,,,,,,,,,,,,,,,,,,,,,,,,,,,,,,,,,,,,,,
2025-03-26,,,,,,,,,,,,,,,,,,,,,,,,,,,,,,,,,,,,,,,,,,,,,,,,,,,,,,,,,,,,,,,,,,,,,,,,,,,,,,,,,,,,,,,,,,,,,,,,,,,,,,,,,,,,,,,,,,,,,,,,,,,,,,,,,,
2025-03-27,,,,,,,,,,,,,,,,,,,,,,,,,,,,,,,,,,,,,,,,,,,,,,,,,,,,,,,,,,,,,,,,,,,,,,,,,,,,,,,,,,,,,,,,,,,,,,,,,,,,,,,,,,,,,,,,,,,,,,,,,,,,,,,,,,
2025-03-28,,,,,,,,,,,,,,,,,,,,,,,,,,,,,,,,,,,,,,,,,,,,,,,,,,,,,,,,,,,,,,,,,,,,,,,,,,,,,,,,,,,,,,,,,,,,,,,,,,,,,,,,,,,,,,,,,,,,,,,,,,,,,,,,,,
2025-03-29,,,,,,,,,,,,,,,,,,,,,,,,,,,,,,,,,,,,,,,,,,,,,,,,,,,,,,,,,,,,,,,,,,,,,,,,,,,,,,,,,,,,,,,,,,,,,,,,,,,,,,,,,,,,,,,,,,,,,,,,,,,,,,,,,,
2025-03-30,,,,,,,,,,,,,,,,,,,,,,,,,,,,,,,,,,,,,,,,,,,,,,,,,,,,,,,,,,,,,,,,,,,,,,,,,,,,,,,,,,,,,,,,,,,,,,,,,,,,,,,,,,,,,,,,,,,,,,,,,,,,,,,,,,
2025-03-31,,,,,,,,,,,,,,,,,,,,,,,,,,,,,,,,,,,,,,,,,,,,,,,,,,,,,,,,,,,,,,,,,,,,,,,,,,,,,,,,,,,,,,,,,,,,,,,,,,,,,,,,,,,,,,,,,,,,,,,,,,,,,,,,,,
2025-04-01,,,,,,,,,,,,,,,,,,,,,,,,,,,,,,,,,,,,,,,,,,,,,,,,,,,,,,,,,,,,,,,,,,,,,,,,,,,,,,,,,,,,,,,,,,,,,,,,,,,,,,,,,,,,,,,,,,,,,,,,,,,,,,,,,,
2025-04-02,,,,,,,,,,,,,,,,,,,,,,,,,,,,,,,,,,,,,,,,,,,,,,,,,,,,,,,,,,,,,,,,,,,,,,,,,,,,,,,,,,,,,,,,,,,,,,,,,,,,,,,,,,,,,,,,,,,,,,,,,,,,,,,,,,
2025-04-03,,,,,,,,,,,,,,,,,,,,,,,,,,,,,,,,,,,,,,,,,,,,,,,,,,,,,,,,,,,,,,,,,,,,,,,,,,,,,,,,,,,,,,,,,,,,,,,,,,,,,,,,,,,,,,,,,,,,,,,,,,,,,,,,,,
2025-04-04,,,,,,,,,,,,,,,,,,,,,,,,,,,,,,,,,,,,,,,,,,,,,,,,,,,,,,,,,,,,,,,,,,,,,,,,,,,,,,,,,,,,,,,,,,,,,,,,,,,,,,,,,,,,,,,,,,,,,,,,,,,,,,,,,,
2025-04-05,,,,,,,,,,,,,,,,,,,,,,,,,,,,,,,,,,,,,,,,,,,,,,,,,,,,,,,,,,,,,,,,,,,,,,,,,,,,,,,,,,,,,,,,,,,,,,,,,,,,,,,,,,,,,,,,,,,,,,,,,,,,,,,,,,
2025-04-06,,,,,,,,,,,,,,,,,,,,,,,,,,,,,,,,,,,,,,,,,,,,,,,,,,,,,,,,,,,,,,,,,,,,,,,,,,,,,,,,,,,,,,,,,,,,,,,,,,,,,,,,,,,,,,,,,,,,,,,,,,,,,,,,,,
2025-04-07,,,,,,,,,,,,,,,,,,,,,,,,,,,,,,,,,,,,,,,,,,,,,,,,,,,,,,,,,,,,,,,,,,,,,,,,,,,,,,,,,,,,,,,,,,,,,,,,,,,,,,,,,,,,,,,,,,,,,,,,,,,,,,,,,,
2025-04-08,,,,,,,,,,,,,,,,,,,,,,,,,,,,,,,,,,,,,,,,,,,,,,,,,,,,,,,,,,,,,,,,,,,,,,,,,,,,,,,,,,,,,,,,,,,,,,,,,,,,,,,,,,,,,,,,,,,,,,,,,,,,,,,,,,
2025-04-09,,,,,,,,,,,,,,,,,,,,,,,,,,,,,,,,,,,,,,,,,,,,,,,,,,,,,,,,,,,,,,,,,,,,,,,,,,,,,,,,,,,,,,,,,,,,,,,,,,,,,,,,,,,,,,,,,,,,,,,,,,,,,,,,,,
2025-04-10,,,,,,,,,,,,,,,,,,,,,,,,,,,,,,,,,,,,,,,,,,,,,,,,,,,,,,,,,,,,,,,,,,,,,,,,,,,,,,,,,,,,,,,,,,,,,,,,,,,,,,,,,,,,,,,,,,,,,,,,,,,,,,,,,,
2025-04-11,,,,,,,,,,,,,,,,,,,,,,,,,,,,,,,,,,,,,,,,,,,,,,,,,,,,,,,,,,,,,,,,,,,,,,,,,,,,,,,,,,,,,,,,,,,,,,,,,,,,,,,,,,,,,,,,,,,,,,,,,,,,,,,,,,
2025-04-12,,,,,,,,,,,,,,,,,,,,,,,,,,,,,,,,,,,,,,,,,,,,,,,,,,,,,,,,,,,,,,,,,,,,,,,,,,,,,,,,,,,,,,,,,,,,,,,,,,,,,,,,,,,,,,,,,,,,,,,,,,,,,,,,,,
2025-04-13,,,,,,,,,,,,,,,,,,,,,,,,,,,,,,,,,,,,,,,,,,,,,,,,,,,,,,,,,,,,,,,,,,,,,,,,,,,,,,,,,,,,,,,,,,,,,,,,,,,,,,,,,,,,,,,,,,,,,,,,,,,,,,,,,,
2025-04-14,,,,,,,,,,,,,,,,,,,,,,,,,,,,,,,,,,,,,,,,,,,,,,,,,,,,,,,,,,,,,,,,,,,,,,,,,,,,,,,,,,,,,,,,,,,,,,,,,,,,,,,,,,,,,,,,,,,,,,,,,,,,,,,,,,
2025-04-15,,,,,,,,,,,,,,,,,,,,,,,,,,,,,,,,,,,,,,,,,,,,,,,,,,,,,,,,,,,,,,,,,,,,,,,,,,,,,,,,,,,,,,,,,,,,,,,,,,,,,,,,,,,,,,,,,,,,,,,,,,,,,,,,,,
